family,optimizer,workload,metric,method,baseline,median_speedup,min_speedup,max_speedup,median_overhead_pct,min_overhead_pct,max_overhead_pct
step,adamw,mlp-512-4-64,cuda,triton_sr,native_nr,2.3570807469368744,2.344845589426262,2.423130295499959,-57.57463967666181,-58.7310677491376,-57.35326861140224
step,adamw,mlp-512-4-64,cuda,triton_sr,triton_nr,0.9852173660532587,0.984578465225549,1.0110579228554348,1.500443907719573,-1.0936982546167928,1.5663083562281743
step,adamw,mlp-512-4-64,cuda,triton_sr,eager_sr,12.0073594148379,11.936035822966431,12.359681236633985,-91.6717742390199,-91.90917645160614,-91.62200905868701
step,adamw,mlp-512-4-64,cuda,triton_sr,compiled_sr,2.297492288759181,2.294764073257049,2.323074400986068,-56.474282638829855,-56.95359564999153,-56.42253547308413
step,adamw,mlp-512-4-64,submit,triton_sr,native_nr,2.3959086401586647,2.3853643733128105,2.46682870814563,-58.26218148561053,-59.46212249363183,-58.07768359467895
step,adamw,mlp-512-4-64,submit,triton_sr,triton_nr,0.9847768695690119,0.9834848133457023,1.0121622485996509,1.5458456531021625,-1.2016105734508176,1.6792518227215947
step,adamw,mlp-512-4-64,submit,triton_sr,eager_sr,12.313447666421421,12.252991568270039,12.692805500475666,-91.87879766016317,-92.12152112499852,-91.83872775535431
step,adamw,mlp-512-4-64,submit,triton_sr,compiled_sr,2.3267410067486822,2.324712843165062,2.350283700137552,-57.02143052881637,-57.45194505916565,-56.983934470009004
step,adamw,mlp-512-4-64,wall,triton_sr,native_nr,2.344219556008108,2.33247684726813,2.4089875007429016,-57.341879627398626,-58.488784201179435,-57.127119989583974
step,adamw,mlp-512-4-64,wall,triton_sr,triton_nr,0.9857907224714461,0.9840177605824739,1.01113913839013,1.4414091352909386,-1.1016424908509626,1.6241820074533564
step,adamw,mlp-512-4-64,wall,triton_sr,eager_sr,11.896039423252418,11.823509923687377,12.246276967324999,-91.59384090434868,-91.83425295158555,-91.54227461680743
step,adamw,mlp-512-4-64,wall,triton_sr,compiled_sr,2.2845161786899792,2.2828031941630744,2.310812576248067,-56.227055455854355,-56.725179260377644,-56.1942088325042
step,adamw,quadratic-1048576-1,cuda,triton_sr,native_nr,1.8388137464300984,1.8234007832988743,1.845649915649532,-45.61711310123629,-45.81854383537984,-45.15742182632979
step,adamw,quadratic-1048576-1,cuda,triton_sr,triton_nr,0.9830542316910545,0.9813269274227961,1.0063460054053888,1.7237877385253952,-0.6305987574156791,1.902839110534127
step,adamw,quadratic-1048576-1,cuda,triton_sr,eager_sr,8.15957236192713,7.962256460957669,8.200818696420056,-87.74445576748559,-87.80609550072683,-87.44074616406259
step,adamw,quadratic-1048576-1,cuda,triton_sr,compiled_sr,1.6082637947989686,1.5741375367288342,1.658546636312096,-37.82114580742652,-39.706247740878986,-36.47314947599378
step,adamw,quadratic-1048576-1,submit,triton_sr,native_nr,1.9822220598443607,1.9620874926177203,1.9934310859166349,-49.55156537413787,-49.83523598759512,-49.03387317015873
step,adamw,quadratic-1048576-1,submit,triton_sr,triton_nr,0.9812867633626831,0.9779611944168358,1.0062118270210754,1.9070099930004414,-0.6173478440882341,2.253546020944719
step,adamw,quadratic-1048576-1,submit,triton_sr,eager_sr,9.25893829235322,9.041419990493065,9.34254320381488,-89.19962561122283,-89.29627641869865,-88.93979041951943
step,adamw,quadratic-1048576-1,submit,triton_sr,compiled_sr,1.6812727770335478,1.6458368346059697,1.7396686529634504,-40.52125189557827,-42.51778933324209,-39.24063558588357
step,adamw,quadratic-1048576-1,wall,triton_sr,native_nr,1.784362637491636,1.769611733154154,1.786177092992843,-43.95758020321766,-44.01450987570096,-43.4904289305541
step,adamw,quadratic-1048576-1,wall,triton_sr,triton_nr,0.9852442274055901,0.9846790122741674,1.0044225693701407,1.4976766352913007,-0.4403096370996562,1.5559372683741746
step,adamw,quadratic-1048576-1,wall,triton_sr,eager_sr,7.672614366041768,7.504150278905694,7.69333880210191,-86.96663285429929,-87.00174234200126,-86.6740408596158
step,adamw,quadratic-1048576-1,wall,triton_sr,compiled_sr,1.568226182959818,1.5372415978963925,1.610986280524051,-36.23368804411662,-37.926224941238985,-34.94841660748512
step,adamw,quadratic-1048576-32,cuda,triton_sr,native_nr,2.6172004489875245,2.6050456659071792,2.6667756316260025,-61.79123382059427,-62.501532257129774,-61.61295699775149
step,adamw,quadratic-1048576-32,cuda,triton_sr,triton_nr,0.9820099632688176,0.9816376618298587,0.9870817713725377,1.8319607136468186,1.308729327409175,1.870582077699856
step,adamw,quadratic-1048576-32,cuda,triton_sr,eager_sr,14.2894462068461,14.210212794892593,14.689152663186345,-93.00182816377517,-93.19225538103242,-92.96280770433347
step,adamw,quadratic-1048576-32,cuda,triton_sr,compiled_sr,1.960600456247837,1.9434911023881234,2.0185840081816817,-48.99521741855642,-50.46032288243535,-48.54620127814222
step,adamw,quadratic-1048576-32,submit,triton_sr,native_nr,2.6336292579029,2.6213172335058097,2.685351573591603,-62.02958343513097,-62.760928221308454,-61.85124077246549
step,adamw,quadratic-1048576-32,submit,triton_sr,triton_nr,0.9822452943556892,0.9814158395786915,0.9869062869000639,1.8075633190950624,1.3267433062022826,1.8936071410143862
step,adamw,quadratic-1048576-32,submit,triton_sr,eager_sr,14.417527219698451,14.335612045101616,14.829897466058643,-93.06399783567798,-93.2568650438163,-93.02436479967598
step,adamw,quadratic-1048576-32,submit,triton_sr,compiled_sr,1.968238663147072,1.9511189472198185,2.0251815722866504,-49.19315331398521,-50.621711470992146,-48.74735846192686
step,adamw,quadratic-1048576-32,wall,triton_sr,native_nr,2.610233719529622,2.598296671010131,2.6588567641487115,-61.68925439442238,-62.38985064995892,-61.51324784589616
step,adamw,quadratic-1048576-32,wall,triton_sr,triton_nr,0.9819828626056424,0.9817824037486395,0.9871617600491839,1.8347710617423685,1.3005203878821758,1.8555635323878494
step,adamw,quadratic-1048576-32,wall,triton_sr,eager_sr,14.230965282446293,14.154150782012762,14.624787248808927,-92.9730697802103,-93.16229369366421,-92.93493466756897
step,adamw,quadratic-1048576-32,wall,triton_sr,compiled_sr,1.956164163960642,1.93957957880742,2.0142151706912,-48.879546081894176,-50.35287120507393,-48.442435106742806
step,adamw,quadratic-16777216-1,cuda,triton_sr,native_nr,4.44983945031919,4.448007332832155,4.477734320354771,-77.52727910378275,-77.6672770545089,-77.51802267458774
step,adamw,quadratic-16777216-1,cuda,triton_sr,triton_nr,0.9973659634676684,0.9970224767965277,0.9975773041799709,0.26409930043869156,0.2428579529503816,0.2986415324395919
step,adamw,quadratic-16777216-1,cuda,triton_sr,eager_sr,35.97766617739881,35.97572097908113,36.2407711712037,-97.22049786367688,-97.2406768187246,-97.2203475766852
step,adamw,quadratic-16777216-1,cuda,triton_sr,compiled_sr,2.6858679591131063,2.6823180482627107,2.6976234727674098,-62.76808781284217,-62.930334418608446,-62.71881327989117
step,adamw,quadratic-16777216-1,submit,triton_sr,native_nr,1.9195793052161902,1.9015983232576708,1.9541209170010958,-47.90525208921357,-48.826094061023795,-47.41265872138142
step,adamw,quadratic-16777216-1,submit,triton_sr,triton_nr,0.9951879206113835,0.9885052586847975,1.0011683853784914,0.48353474644871053,-0.1167021847228833,1.1628406843779748
step,adamw,quadratic-16777216-1,submit,triton_sr,eager_sr,8.887639728527432,8.820092779489359,9.219699993468652,-88.74841880921194,-89.15366008971645,-88.66225078351279
step,adamw,quadratic-16777216-1,submit,triton_sr,compiled_sr,1.6512766032791528,1.6461098572537864,1.6578219459336145,-39.440793988471036,-39.67989129032535,-39.2507130922413
step,adamw,quadratic-16777216-1,wall,triton_sr,native_nr,4.304644045607675,4.298979130720565,4.328198002186078,-76.7692754753934,-76.89569655789957,-76.73866353865301
step,adamw,quadratic-16777216-1,wall,triton_sr,triton_nr,0.9973508617410288,0.9964259304905101,0.9976449656399451,0.2656174833344682,0.23605936391852822,0.35868893011752334
step,adamw,quadratic-16777216-1,wall,triton_sr,eager_sr,34.498394409735674,34.46181497001068,34.70934807269918,-97.10131437387186,-97.11893177046862,-97.09823756853719
step,adamw,quadratic-16777216-1,wall,triton_sr,compiled_sr,2.6148879513901986,2.609125516939172,2.6235427578383335,-61.75744358497837,-61.88360197247369,-61.672982249887156
step,adamw,quadratic-16777216-32,cuda,triton_sr,native_nr,2.626187141003416,2.6102892742708947,2.6838046643548172,-61.92198246702559,-62.73946411668532,-61.69006976135548
step,adamw,quadratic-16777216-32,cuda,triton_sr,triton_nr,1.0015175082898107,0.9970563495388213,1.0034311656682573,-0.15152089476718755,-0.3419433027049834,0.2952341121482682
step,adamw,quadratic-16777216-32,cuda,triton_sr,eager_sr,14.330017404165815,14.326062150094797,14.77956316551453,-93.02164141329449,-93.23390015793348,-93.01971477211983
step,adamw,quadratic-16777216-32,cuda,triton_sr,compiled_sr,1.9818515521662765,1.9782619851253636,2.0166676808513415,-49.54213402578296,-50.413248077747376,-49.450577955849994
step,adamw,quadratic-16777216-32,submit,triton_sr,native_nr,2.6442738950239892,2.6275013830558134,2.702007162620891,-62.182434963268896,-62.99047560517861,-61.94102859664383
step,adamw,quadratic-16777216-32,submit,triton_sr,triton_nr,1.0018326463506808,0.9966153338881748,1.0040670734256156,-0.18292939018871301,-0.4050599340679195,0.3396160982813923
step,adamw,quadratic-16777216-32,submit,triton_sr,eager_sr,14.466094819938727,14.45710267338845,14.916510774719082,-93.08728435388318,-93.29601932313267,-93.082984726665
step,adamw,quadratic-16777216-32,submit,triton_sr,compiled_sr,1.9901713682365747,1.9855984840509524,2.0249331847684653,-49.75307071741932,-50.61565450544276,-49.63735075180793
step,adamw,quadratic-16777216-32,wall,triton_sr,native_nr,2.619020676787043,2.6027488731845754,2.676127696708577,-61.817789036061455,-62.63257537262068,-61.57908239620302
step,adamw,quadratic-16777216-32,wall,triton_sr,triton_nr,1.0013139943855907,0.9971856008577813,1.003413025235875,-0.13122700700862744,-0.34014161168305357,0.282234234007972
step,adamw,quadratic-16777216-32,wall,triton_sr,eager_sr,14.272030921581626,14.265336682279308,14.717061707814342,-92.99328872327597,-93.20516540697096,-92.99000071100866
step,adamw,quadratic-16777216-32,wall,triton_sr,compiled_sr,1.977637669550378,1.974037246177747,2.012049681575105,-49.43462013305232,-50.299437973262975,-49.342394529978506
step,sgdm,mlp-512-4-64,cuda,triton_sr,native_nr,1.3109933578615383,1.2956635052485852,1.3218890358244084,-23.72196289146906,-24.35068505002459,-22.819466941137577
step,sgdm,mlp-512-4-64,cuda,triton_sr,triton_nr,0.9935536477193261,0.9874238479668956,1.0018843338174492,0.6488177357580449,-0.18807897816601749,1.2736326005290177
step,sgdm,mlp-512-4-64,cuda,triton_sr,eager_sr,6.925762770759783,6.903336052137791,7.052710343388961,-85.56115718802918,-85.82105387416945,-85.51425003147102
step,sgdm,mlp-512-4-64,cuda,triton_sr,compiled_sr,2.062704810505694,2.046157087032091,2.1163691612166504,-51.51996568259133,-52.74926424343078,-51.127896956803085
step,sgdm,mlp-512-4-64,submit,triton_sr,native_nr,1.3238127429440596,1.3090319118513294,1.3355502488707311,-24.460615345333846,-25.12449450362907,-23.607668312247153
step,sgdm,mlp-512-4-64,submit,triton_sr,triton_nr,0.9939166211122941,0.986546640704843,1.0025914033012224,0.6120612894971122,-0.2584705287407951,1.3636820338818634
step,sgdm,mlp-512-4-64,submit,triton_sr,eager_sr,7.1165533646279195,7.0935035815239615,7.2421164082055425,-85.94825403866997,-86.19188171475717,-85.9025939931201
step,sgdm,mlp-512-4-64,submit,triton_sr,compiled_sr,2.089853127324971,2.0728992720890758,2.1437711471270946,-52.14974741885292,-53.35322982865417,-51.758389157414484
step,sgdm,mlp-512-4-64,wall,triton_sr,native_nr,1.3069875771282116,1.292240404570242,1.3167572319441774,-23.488178656046788,-24.05585663474875,-22.615018346174676
step,sgdm,mlp-512-4-64,wall,triton_sr,triton_nr,0.9926518502238949,0.9870747773699236,1.001598842157163,0.7402544783901455,-0.1596289941509621,1.309447159060828
step,sgdm,mlp-512-4-64,wall,triton_sr,eager_sr,6.857527351072135,6.836472046499024,6.977086343781765,-85.41748433794207,-85.66736957625245,-85.37257238531235
step,sgdm,mlp-512-4-64,wall,triton_sr,compiled_sr,2.052224341904079,2.032024394934205,2.105464284655398,-51.27238384317244,-52.50453748904744,-50.78799238370468
step,sgdm,quadratic-1048576-1,cuda,triton_sr,native_nr,1.1049236697453275,1.0808408243839374,1.1244343848498686,-9.496010685472168,-11.066398051006122,-7.479438466808041
step,sgdm,quadratic-1048576-1,cuda,triton_sr,triton_nr,0.9877445779270043,0.9798439015430201,1.006108538268191,1.2407480989383268,-0.6071450579979709,2.057072399515758
step,sgdm,quadratic-1048576-1,cuda,triton_sr,eager_sr,4.573255057026853,4.554074253401337,4.808597202787478,-78.13373652835108,-79.20391420141588,-78.0416404222412
step,sgdm,quadratic-1048576-1,cuda,triton_sr,compiled_sr,1.4846153732696523,1.4697914130797556,1.5088859150082403,-32.642486531872315,-33.725937126629034,-31.96313496589078
step,sgdm,quadratic-1048576-1,submit,triton_sr,native_nr,1.1458418680868498,1.1199443671766343,1.1636554656607268,-12.727922774401158,-14.06391070984252,-10.709850479360183
step,sgdm,quadratic-1048576-1,submit,triton_sr,triton_nr,0.9896952699082976,0.9804490363600237,1.0071309210635164,1.041202318028378,-0.7080431068471449,1.994082600413427
step,sgdm,quadratic-1048576-1,submit,triton_sr,eager_sr,5.169155573216768,5.138499353984812,5.421791499147929,-80.65448048843112,-81.55591191293216,-80.5390653747087
step,sgdm,quadratic-1048576-1,submit,triton_sr,compiled_sr,1.5394599692261874,1.5288500929631617,1.5739241009338363,-35.04215634118425,-36.464534763354685,-34.591363495826045
step,sgdm,quadratic-1048576-1,wall,triton_sr,native_nr,1.098737376881794,1.0754339286386627,1.1149743776975132,-8.98644015934088,-10.31184034335767,-7.014278295473774
step,sgdm,quadratic-1048576-1,wall,triton_sr,triton_nr,0.9887248004582302,0.9817643293716034,1.0046028869098067,1.1403779430377625,-0.4581797414464406,1.8574387032444628
step,sgdm,quadratic-1048576-1,wall,triton_sr,eager_sr,4.3134138229646455,4.295857251366598,4.512902426621116,-76.81650680776343,-77.84131130110171,-76.72175909285906
step,sgdm,quadratic-1048576-1,wall,triton_sr,compiled_sr,1.4459193386446907,1.4354929086403767,1.4722323322330853,-30.83984885786686,-32.07593814468142,-30.337517240182866
step,sgdm,quadratic-1048576-32,cuda,triton_sr,native_nr,1.4546701503496344,1.4532918401168402,1.4816937186392327,-31.255893319894756,-32.50966867036554,-31.190696018798047
step,sgdm,quadratic-1048576-32,cuda,triton_sr,triton_nr,0.9891931936457542,0.9845312565943355,0.9901228080645383,1.09248693012296,0.997572407686409,1.5711784975901866
step,sgdm,quadratic-1048576-32,cuda,triton_sr,eager_sr,8.472425232119665,8.378216697964577,8.670136585835074,-88.19700413278458,-88.46615632752821,-88.06428580150066
step,sgdm,quadratic-1048576-32,cuda,triton_sr,compiled_sr,1.8046062407554107,1.7953858627107175,1.8520807571659494,-44.58624948668034,-46.00667405398682,-44.30166680213381
step,sgdm,quadratic-1048576-32,submit,triton_sr,native_nr,1.4611834303161446,1.4585626814443249,1.4887796568644003,-31.56232275480718,-32.83089304792394,-31.439353774651522
step,sgdm,quadratic-1048576-32,submit,triton_sr,triton_nr,0.9888241277149901,0.9840464087533027,0.9897365088214615,1.1302184050500097,1.0369922789611907,1.621223461087462
step,sgdm,quadratic-1048576-32,submit,triton_sr,eager_sr,8.56160701385289,8.461936753958701,8.762199139026153,-88.31994976665041,-88.58733995731644,-88.18237444835339
step,sgdm,quadratic-1048576-32,submit,triton_sr,compiled_sr,1.812376957230068,1.8025615559770882,1.8606265679338247,-44.82384053655471,-46.25466403446702,-44.52339246423435
step,sgdm,quadratic-1048576-32,wall,triton_sr,native_nr,1.4524136903604643,1.450946838392266,1.4788348361319585,-31.149092945287716,-32.3791964073824,-31.079487301680985
step,sgdm,quadratic-1048576-32,wall,triton_sr,triton_nr,0.9892338114818418,0.9846469035082982,0.990022705378532,1.0883360832593114,1.0077844242625922,1.5592489487346928
step,sgdm,quadratic-1048576-32,wall,triton_sr,eager_sr,8.432955283846315,8.338991681449807,8.626695443863154,-88.14176090894799,-88.40807576310836,-88.00814249252086
step,sgdm,quadratic-1048576-32,wall,triton_sr,compiled_sr,1.8003328606598294,1.7910292820659826,1.8477948310489363,-44.45471602215293,-45.88143752776217,-44.166183656892365
step,sgdm,quadratic-16777216-1,cuda,triton_sr,native_nr,2.429041454484994,2.4061230107835097,2.435925695071589,-58.8314971671811,-58.94784467263435,-58.43936508988505
step,sgdm,quadratic-16777216-1,cuda,triton_sr,triton_nr,0.9968341762187323,0.9925956472450753,0.9979680779151898,0.3175878051529635,0.2036059198461393,0.7459586162275933
step,sgdm,quadratic-16777216-1,cuda,triton_sr,eager_sr,21.319895794800257,21.06177234902973,21.397798034204282,-95.30954555489014,-95.32662193370783,-95.25206149117803
step,sgdm,quadratic-16777216-1,cuda,triton_sr,compiled_sr,1.2075705565793373,1.2073964070780516,1.209241700328354,-17.189103812477725,-17.303546534289815,-17.177159536192377
step,sgdm,quadratic-16777216-1,submit,triton_sr,native_nr,1.122465499661418,1.108730183694011,1.1350115708076989,-10.910402119117125,-11.895171316326014,-9.80673073513245
step,sgdm,quadratic-16777216-1,submit,triton_sr,triton_nr,0.9882034204436416,0.9868205837946652,0.9969333032371552,1.1937400045693547,0.30761303217445857,1.3355433015650453
step,sgdm,quadratic-16777216-1,submit,triton_sr,eager_sr,5.055356211617643,5.042062468545546,5.24455123811674,-80.21900024172552,-80.93259166328426,-80.16684628089378
step,sgdm,quadratic-16777216-1,submit,triton_sr,compiled_sr,1.5087915198792148,1.5033741447885614,1.5154129609172786,-33.72179079585135,-34.01138661274875,-33.48295875205153
step,sgdm,quadratic-16777216-1,wall,triton_sr,native_nr,2.3560997035247615,2.3369646519483647,2.3629653493407936,-57.556974413944175,-57.6802935227563,-57.20945119275621
step,sgdm,quadratic-16777216-1,wall,triton_sr,triton_nr,0.9975368955912878,0.9908251284116003,0.9988900953070334,0.24691862723054125,0.11111379501920204,0.9259829333464697
step,sgdm,quadratic-16777216-1,wall,triton_sr,eager_sr,20.28990723456519,20.061921421964854,20.342024883879308,-95.07144124199624,-95.0840685442653,-95.01543257514135
step,sgdm,quadratic-16777216-1,wall,triton_sr,compiled_sr,1.1972882072805209,1.196795517476215,1.197691719950135,-16.47792119565218,-16.506060504314558,-16.44353731297512
step,sgdm,quadratic-16777216-32,cuda,triton_sr,native_nr,1.4552951239823138,1.442246708667527,1.4589126962574708,-31.285415341489664,-31.455802491452257,-30.663734991367253
step,sgdm,quadratic-16777216-32,cuda,triton_sr,triton_nr,0.992831035431738,0.9920612514764887,0.9973913138548047,0.7220729723808939,0.26155091877759773,0.8002276584934576
step,sgdm,quadratic-16777216-32,cuda,triton_sr,eager_sr,8.488779568450292,8.443125499653544,8.603627697568168,-88.21974358108395,-88.37699590043103,-88.15604481964606
step,sgdm,quadratic-16777216-32,cuda,triton_sr,compiled_sr,1.8034566140552546,1.7926094560460808,1.8397503718687453,-44.55092558332198,-45.64479968093499,-44.21540081543037
step,sgdm,quadratic-16777216-32,submit,triton_sr,native_nr,1.4615963901756963,1.449629912499057,1.4658976453197488,-31.581659155590035,-31.78241310416492,-31.01687600554045
step,sgdm,quadratic-16777216-32,submit,triton_sr,triton_nr,0.9923556773177564,0.9917100399788792,0.9977815068020811,0.7703208493657687,0.22234258530500206,0.8359257935209863
step,sgdm,quadratic-16777216-32,submit,triton_sr,eager_sr,8.580576714406414,8.535526985743383,8.689102319850768,-88.34577169712796,-88.49133128844115,-88.28426174891992
step,sgdm,quadratic-16777216-32,submit,triton_sr,compiled_sr,1.8109622368266118,1.8002195316941192,1.847831805838425,-44.78073702120252,-45.88252043068035,-44.45121928774223
step,sgdm,quadratic-16777216-32,wall,triton_sr,native_nr,1.452615213470584,1.4398723292959825,1.4571542619879936,-31.15864471701334,-31.37308615247769,-30.54939805052408
step,sgdm,quadratic-16777216-32,wall,triton_sr,triton_nr,0.9930951444173775,0.9915791958782452,0.9979783397495465,0.6952864105154166,0.20257556401082066,0.849231625346536
step,sgdm,quadratic-16777216-32,wall,triton_sr,eager_sr,8.45319621443427,8.402939944311871,8.561219146266485,-88.17015511490851,-88.31942059985585,-88.0994032252138
step,sgdm,quadratic-16777216-32,wall,triton_sr,compiled_sr,1.8003373121229556,1.7884045677059064,1.8353501570423725,-44.454853361851335,-45.51448418913813,-44.08424033032079
update,adamw,1024x1,cuda,triton_bf16_sr,eager_bf16_sr,10.715213553937359,10.709365584542113,11.064830310141637,-90.66747484810935,-90.96235575268213,-90.6623787179009
update,adamw,1024x1,cuda,triton_bf16_sr,compiled_bf16_sr,1.9483488574573724,1.902647363307269,1.952094126629948,-48.67448936711383,-48.77296200227917,-47.441653178350705
update,adamw,1024x1,cuda,triton_bf16_sr,triton_bf16_nr,0.9826359239194551,0.9805249618044053,0.9959839051643252,1.7670915196428494,0.40322888902628584,1.9861848452848996
update,adamw,1024x1,cuda,triton_bf16_sr,triton_fp32,0.986804360010943,0.9860518338147244,0.987581182683735,1.3372093318386513,1.257498374211341,1.4145469545261635
update,adamw,1048576x1,cuda,triton_bf16_sr,eager_bf16_sr,10.821276427103204,10.783219071629826,11.065527101056128,-90.7589459826072,-90.96292484878956,-90.72633141033964
update,adamw,1048576x1,cuda,triton_bf16_sr,compiled_bf16_sr,2.089919833450082,2.0703703765123627,2.112907734336608,-52.151274704677085,-52.67185671436945,-51.69946347065941
update,adamw,1048576x1,cuda,triton_bf16_sr,triton_bf16_nr,0.9829787262149466,0.980526904007234,0.9868946195888848,1.7316014407143365,1.3279412159096227,1.9859828336359797
update,adamw,1048576x1,cuda,triton_bf16_sr,triton_fp32,0.9965635477628856,0.9649572629729289,1.01078012465191,0.3448302162796013,-1.066515297342474,3.631532542602778
update,adamw,16777216x1,cuda,triton_bf16_sr,eager_bf16_sr,59.42699090398208,59.07215791843766,59.45887391537803,-98.3172629393002,-98.31816525583179,-98.30715512140131
update,adamw,16777216x1,cuda,triton_bf16_sr,compiled_bf16_sr,5.891287671600148,5.883282511350716,5.90792990297362,-83.02578221021777,-83.07359741190102,-83.00268603333797
update,adamw,16777216x1,cuda,triton_bf16_sr,triton_bf16_nr,0.9980937711898746,0.9977151387089017,0.9981060462412228,0.1909869458310398,0.18975476262363955,0.22900938378613844
update,adamw,16777216x1,cuda,triton_bf16_sr,triton_fp32,1.3693830714919533,1.3606060616750717,1.369996171564676,-26.974414915872124,-27.00709529298192,-26.503340814983712
update,adamw,4096x32,cuda,triton_bf16_sr,eager_bf16_sr,15.379223150638353,14.912194249162111,15.491351990493834,-93.49772098235995,-93.54478549958942,-93.29407877008987
update,adamw,4096x32,cuda,triton_bf16_sr,compiled_bf16_sr,2.189140508270566,2.130197439673497,2.266288845689837,-54.31997186923348,-55.87499793321318,-53.055994652154226
update,adamw,4096x32,cuda,triton_bf16_sr,triton_bf16_nr,0.973509492281171,0.9480225881281931,1.0097668127116137,2.7211350201378437,-0.9672344732132854,5.48271871606274
update,adamw,4096x32,cuda,triton_bf16_sr,triton_fp32,0.9558694318761053,0.9261728019144014,0.9724451236013867,4.616798764793506,2.83356620644728,7.971212060319366
update,adamw,65536x32,cuda,triton_bf16_sr,eager_bf16_sr,15.598781069254361,15.55258085486182,15.851799622219694,-93.58924267505088,-93.69156799964664,-93.57019899570305
update,adamw,65536x32,cuda,triton_bf16_sr,compiled_bf16_sr,2.2477383908860715,2.1865839654996297,2.273818853579731,-55.510836845839776,-56.02112286008736,-54.266563014354574
update,adamw,65536x32,cuda,triton_bf16_sr,triton_bf16_nr,1.0004139930033191,0.9678377205581628,1.0115038415281106,-0.04138216840373632,-1.1373008243578564,3.3231066281740773
update,adamw,65536x32,cuda,triton_bf16_sr,triton_fp32,0.9874176977431112,0.969444491530475,0.989717391040596,1.274263392852637,1.0389439503121878,3.1518574540855493
update,sgdm,1024x1,cuda,triton_bf16_sr,eager_bf16_sr,6.361333600776291,6.181432856422371,6.376741251918383,-84.28002581285837,-84.31800883093446,-83.82252103634804
update,sgdm,1024x1,cuda,triton_bf16_sr,compiled_bf16_sr,1.7998056199751347,1.7973941170447953,1.8499519595509197,-44.438444413024136,-45.94454224407253,-44.3638993520152
update,sgdm,1024x1,cuda,triton_bf16_sr,triton_bf16_nr,0.9847748971909779,0.9674266905817354,0.9996793819768479,1.546049036429653,0.03207208520377147,3.3670054522351167
update,sgdm,1024x1,cuda,triton_bf16_sr,triton_fp32,0.987296396433975,0.9666342448548727,0.9890990618619598,1.2867061615852382,1.1021078230040393,3.45174561347521
update,sgdm,1048576x1,cuda,triton_bf16_sr,eager_bf16_sr,6.487146655924934,6.379806024280866,6.697315408082957,-84.58490222220172,-85.0686440899423,-84.32554224698829
update,sgdm,1048576x1,cuda,triton_bf16_sr,compiled_bf16_sr,1.8201270768030537,1.8168381448425093,1.8503355300408946,-45.05878118375992,-45.95574782169919,-44.95932382096238
update,sgdm,1048576x1,cuda,triton_bf16_sr,triton_bf16_nr,1.0033556519988314,0.9945373081934092,1.0100300889434868,-0.3344429258106518,-0.9930485292748537,0.5492696715936995
update,sgdm,1048576x1,cuda,triton_bf16_sr,triton_fp32,1.0038560705578614,0.992952966727174,1.0150451723371037,-0.38412583944613665,-1.482217023155985,0.7097046394909823
update,sgdm,16777216x1,cuda,triton_bf16_sr,eager_bf16_sr,36.14806844299777,36.1475276235739,36.218689349895,-97.2336004575821,-97.23899451374571,-97.23355906823392
update,sgdm,16777216x1,cuda,triton_bf16_sr,compiled_bf16_sr,1.2678907156154704,1.2643596154611378,1.28141170087323,-21.128849065309907,-21.961068459220346,-20.908577925807958
update,sgdm,16777216x1,cuda,triton_bf16_sr,triton_bf16_nr,0.9990588164139788,0.997175119876534,0.999529186646089,0.09420702470746001,0.047103512353730004,0.2832882677433535
update,sgdm,16777216x1,cuda,triton_bf16_sr,triton_fp32,1.2226929624968388,1.2216469814303055,1.2233991825277053,-18.213318414958536,-18.260530636135698,-18.143292194836913
update,sgdm,4096x32,cuda,triton_bf16_sr,eager_bf16_sr,9.122011720373067,9.023564419707435,9.484180398023154,-89.03750586324502,-89.45612632791722,-88.91790479363118
update,sgdm,4096x32,cuda,triton_bf16_sr,compiled_bf16_sr,2.096723778206019,2.0818797038648693,2.099340684458536,-52.306545554817355,-52.36599721984043,-51.96648499221317
update,sgdm,4096x32,cuda,triton_bf16_sr,triton_bf16_nr,0.9705245015268726,0.9609508533081179,1.0306785075623524,3.037068969073431,-2.9765351016108554,4.063594569634188
update,sgdm,4096x32,cuda,triton_bf16_sr,triton_fp32,0.9534947061559707,0.948129515493252,1.0290882798094887,4.877352075872166,-2.8266068499850805,5.470822673394271
update,sgdm,65536x32,cuda,triton_bf16_sr,eager_bf16_sr,9.152691072212871,9.13404351380703,9.376263403769839,-89.07425158229199,-89.33477061237488,-89.05194617818057
update,sgdm,65536x32,cuda,triton_bf16_sr,compiled_bf16_sr,2.0572038534690327,2.0085546027800416,2.1805205965702745,-51.39033021381354,-54.13939214456892,-50.212954200204486
update,sgdm,65536x32,cuda,triton_bf16_sr,triton_bf16_nr,0.9993296706569703,0.9439701327013308,1.0013674403826203,0.06707789858666491,-0.13655730428960844,5.935555094135259
update,sgdm,65536x32,cuda,triton_bf16_sr,triton_fp32,0.9834154982263259,0.9789411945353556,1.0041927266132669,1.6864185894553962,-0.4175221052842293,2.151181866918961
