family,optimizer,workload,metric,method,repeats,median_us,min_us,max_us
step,adamw,mlp-512-4-64,cuda,compiled_sr,3,1192.799985408783,1166.8319702148438,1196.8479752540588
step,adamw,mlp-512-4-64,cuda,eager_sr,3,6204.255819320679,6186.19179725647,6277.135848999023
step,adamw,mlp-512-4-64,cuda,native_nr,3,1218.8319563865662,1214.3680453300476,1230.6399941444397
step,adamw,mlp-512-4-64,cuda,triton_nr,3,511.77600026130676,507.58400559425354,513.4879946708679
step,adamw,mlp-512-4-64,cuda,triton_sr,3,515.2000188827515,507.87198543548584,519.79199051857
step,adamw,mlp-512-4-64,submit,compiled_sr,3,1172.0435,1145.842,1175.5555000000002
step,adamw,mlp-512-4-64,submit,eager_sr,3,6177.554000000001,6158.8910000000005,6250.7815
step,adamw,mlp-512-4-64,submit,native_nr,3,1202.6219999999998,1198.3760000000002,1214.8305000000003
step,adamw,mlp-512-4-64,submit,triton_nr,3,496.492,491.91549999999995,498.456
step,adamw,mlp-512-4-64,submit,triton_sr,3,500.17599999999993,492.46650000000005,504.16700000000003
step,adamw,mlp-512-4-64,wall,compiled_sr,3,1198.9465,1172.3919999999998,1202.7894999999999
step,adamw,mlp-512-4-64,wall,eager_sr,3,6209.802,6191.948,6284.673
step,adamw,mlp-512-4-64,wall,native_nr,3,1225.0355000000002,1220.178,1236.2694999999999
step,adamw,mlp-512-4-64,wall,triton_nr,3,516.814,513.109,518.907
step,adamw,mlp-512-4-64,wall,triton_sr,3,520.505,513.1905,525.208
step,adamw,quadratic-1048576-1,cuda,compiled_sr,3,129.5360028743744,124.84799697995186,129.63200360536575
step,adamw,quadratic-1048576-1,cuda,eager_sr,3,641.3120031356812,640.9759819507599,647.1520066261292
step,adamw,quadratic-1048576-1,cuda,native_nr,3,145.83999663591385,144.25599575042725,146.86399698257446
step,adamw,quadratic-1048576-1,cuda,triton_nr,3,78.65600287914276,77.96799764037132,79.03999835252762
step,adamw,quadratic-1048576-1,cuda,triton_sr,3,79.31200042366982,78.15999910235405,80.54400235414505
step,adamw,quadratic-1048576-1,submit,compiled_sr,3,116.719,112.62049999999999,116.924
step,adamw,quadratic-1048576-1,submit,eager_sr,3,627.917,627.6825,633.5659999999999
step,adamw,quadratic-1048576-1,submit,native_nr,3,135.6385,133.9795,136.214
step,adamw,quadratic-1048576-1,submit,triton_nr,3,67.628,67.14699999999999,67.893
step,adamw,quadratic-1048576-1,submit,triton_sr,3,68.42750000000001,67.21050000000001,69.423
step,adamw,quadratic-1048576-1,wall,compiled_sr,3,135.3685,130.95299999999997,135.5065
step,adamw,quadratic-1048576-1,wall,eager_sr,3,647.7545,647.1175000000001,653.6070000000001
step,adamw,quadratic-1048576-1,wall,native_nr,3,152.00449999999998,150.2425,152.752
step,adamw,quadratic-1048576-1,wall,triton_nr,3,84.486,83.93,84.99699999999999
step,adamw,quadratic-1048576-1,wall,triton_sr,3,85.187,84.11399999999999,86.31949999999999
step,adamw,quadratic-1048576-32,cuda,compiled_sr,3,2558.8159561157227,2495.2640533447266,2605.1360368728638
step,adamw,quadratic-1048576-32,cuda,eager_sr,3,18694.94342803955,18441.61605834961,18709.280014038086
step,adamw,quadratic-1048576-32,cuda,native_nr,3,3394.0160274505615,3377.6960372924805,3429.8239946365356
step,adamw,quadratic-1048576-32,cuda,triton_nr,3,1273.904025554657,1249.8080134391785,1292.4320101737976
step,adamw,quadratic-1048576-32,cuda,triton_sr,3,1290.5759811401367,1272.704005241394,1316.6080117225647
step,adamw,quadratic-1048576-32,submit,compiled_sr,3,2543.0260000000003,2478.1040000000003,2587.213
step,adamw,quadratic-1048576-32,submit,eager_sr,3,18671.530500000004,18418.700999999997,18684.578
step,adamw,quadratic-1048576-32,submit,native_nr,3,3380.9825,3364.518,3416.5409999999997
step,adamw,quadratic-1048576-32,submit,triton_nr,3,1260.794,1236.6925,1279.146
step,adamw,quadratic-1048576-32,submit,triton_sr,3,1277.5215000000003,1259.0465,1303.368
step,adamw,quadratic-1048576-32,wall,compiled_sr,3,2564.6925,2501.5085,2611.151
step,adamw,quadratic-1048576-32,wall,eager_sr,3,18701.922000000002,18448.4755,18715.934500000003
step,adamw,quadratic-1048576-32,wall,native_nr,3,3400.0995000000003,3383.8065,3435.7095
step,adamw,quadratic-1048576-32,wall,triton_nr,3,1279.7185,1255.7425,1298.204
step,adamw,quadratic-1048576-32,wall,triton_sr,3,1296.3615,1278.7825000000003,1322.2930000000001
step,adamw,quadratic-16777216-1,cuda,compiled_sr,3,374.752014875412,374.12799894809723,375.2480000257492
step,adamw,quadratic-16777216-1,cuda,eager_sr,3,5026.23987197876,5026.160001754761,5026.511907577515
step,adamw,quadratic-16777216-1,cuda,native_nr,3,621.4399933815002,621.0080087184906,621.6959953308105
step,adamw,quadratic-16777216-1,cuda,triton_nr,3,139.2960026860237,138.35199922323227,139.3439993262291
step,adamw,quadratic-16777216-1,cuda,triton_sr,3,139.71199840307236,138.68799805641174,139.71200585365295
step,adamw,quadratic-16777216-1,submit,compiled_sr,3,116.273,113.4145,116.576
step,adamw,quadratic-16777216-1,submit,eager_sr,3,623.3435000000001,622.6765,635.2235
step,adamw,quadratic-16777216-1,submit,native_nr,3,134.636,133.3705,135.5175
step,adamw,quadratic-16777216-1,submit,triton_nr,3,69.786,68.979,69.7985
step,adamw,quadratic-16777216-1,submit,triton_sr,3,70.13600000000001,68.8985,70.59750000000001
step,adamw,quadratic-16777216-1,wall,compiled_sr,3,381.06800000000004,380.436,381.50300000000004
step,adamw,quadratic-16777216-1,wall,eager_sr,3,5033.195,5033.1505,5033.217000000001
step,adamw,quadratic-16777216-1,wall,native_nr,3,627.8745,627.6255,628.0325
step,adamw,quadratic-16777216-1,wall,triton_nr,3,145.51,144.667,145.53
step,adamw,quadratic-16777216-1,wall,triton_sr,3,145.89649999999997,145.00850000000003,146.05200000000002
step,adamw,quadratic-16777216-32,cuda,compiled_sr,3,2587.6638889312744,2516.095995903015,2615.3759956359863
step,adamw,quadratic-16777216-32,cuda,eager_sr,3,18710.416793823242,18579.18357849121,18797.712326049805
step,adamw,quadratic-16777216-32,cuda,native_nr,3,3413.4559631347656,3385.2319717407227,3428.9599657058716
step,adamw,quadratic-16777216-32,cuda,triton_nr,3,1298.848032951355,1268.1280374526978,1310.159981250763
step,adamw,quadratic-16777216-32,cuda,triton_sr,3,1296.8800067901611,1271.8719840049744,1305.679976940155
step,adamw,quadratic-16777216-32,submit,compiled_sr,3,2570.979,2499.109,2598.7790000000005
step,adamw,quadratic-16777216-32,submit,eager_sr,3,18687.851000000002,18554.101,18774.1815
step,adamw,quadratic-16777216-32,submit,native_nr,3,3400.7934999999998,3372.109,3415.9734999999996
step,adamw,quadratic-16777216-32,submit,triton_nr,3,1285.742,1254.3575,1297.092
step,adamw,quadratic-16777216-32,submit,triton_sr,3,1283.3899999999999,1258.6175,1291.8379999999997
step,adamw,quadratic-16777216-32,wall,compiled_sr,3,2593.5660000000003,2522.2569999999996,2621.4945
step,adamw,quadratic-16777216-32,wall,eager_sr,3,18717.005,18586.271500000003,18804.2105
step,adamw,quadratic-16777216-32,wall,native_nr,3,3419.3284999999996,3391.1150000000002,3434.7054999999996
step,adamw,quadratic-16777216-32,wall,triton_nr,3,1304.6095,1274.119,1315.9225000000001
step,adamw,quadratic-16777216-32,wall,triton_sr,3,1302.8974999999998,1277.715,1311.4465000000002
step,sgdm,mlp-512-4-64,cuda,compiled_sr,3,936.8640184402466,919.2319810390472,952.3999989032745
step,sgdm,mlp-512-4-64,cuda,eager_sr,3,3135.4399919509888,3116.7041063308716,3168.4160232543945
step,sgdm,mlp-512-4-64,cuda,native_nr,3,589.9679958820343,588.4799957275391,593.856006860733
step,sgdm,mlp-512-4-64,cuda,triton_nr,3,448.4800100326538,446.3519901037216,450.8639872074127
step,sgdm,mlp-512-4-64,cuda,triton_sr,3,450.01600682735443,449.2480009794235,454.19199764728546
step,sgdm,mlp-512-4-64,submit,compiled_sr,3,917.131,900.5970000000001,932.3249999999999
step,sgdm,mlp-512-4-64,submit,eager_sr,3,3112.9805,3094.9855,3146.4280000000003
step,sgdm,mlp-512-4-64,submit,native_nr,3,575.7255,574.468,580.2465
step,sgdm,mlp-512-4-64,submit,triton_nr,3,432.9455,431.8195,436.0265
step,sgdm,mlp-512-4-64,submit,triton_sr,3,434.8995,434.4625,438.8495
step,sgdm,mlp-512-4-64,wall,compiled_sr,3,942.8955,924.5965,958.68
step,sgdm,mlp-512-4-64,wall,eager_sr,3,3141.0204999999996,3122.4345,3174.6615
step,sgdm,mlp-512-4-64,wall,native_nr,3,595.11,593.7205,599.1410000000001
step,sgdm,mlp-512-4-64,wall,triton_nr,3,453.512,451.669,456.0575
step,sgdm,mlp-512-4-64,wall,triton_sr,3,455.3295,455.0125,459.4505
step,sgdm,quadratic-1048576-1,cuda,compiled_sr,3,109.37599837779999,104.99200224876404,111.39199882745743
step,sgdm,quadratic-1048576-1,cuda,eager_sr,3,338.8959914445877,337.6159965991974,340.06400406360626
step,sgdm,quadratic-1048576-1,cuda,native_nr,3,79.79199662804604,79.52000200748444,82.22400024533272
step,sgdm,quadratic-1048576-1,cuda,triton_nr,3,72.33599945902824,71.15199789404869,73.5040009021759
step,sgdm,quadratic-1048576-1,cuda,triton_sr,3,73.82400333881378,70.72000205516815,74.41600039601326
step,sgdm,quadratic-1048576-1,submit,compiled_sr,3,97.03,93.04650000000001,99.0195
step,sgdm,quadratic-1048576-1,submit,eager_sr,3,326.12,325.2045,327.6985
step,sgdm,quadratic-1048576-1,submit,native_nr,3,70.4585,70.3325,72.72200000000001
step,sgdm,quadratic-1048576-1,submit,triton_nr,3,61.682500000000005,60.87199999999999,62.812000000000005
step,sgdm,quadratic-1048576-1,submit,triton_sr,3,62.91250000000001,60.441,63.465999999999994
step,sgdm,quadratic-1048576-1,wall,compiled_sr,3,115.283,110.88899999999998,117.306
step,sgdm,quadratic-1048576-1,wall,eager_sr,3,344.99600000000004,343.68850000000003,346.09900000000005
step,sgdm,quadratic-1048576-1,wall,native_nr,3,85.6895,85.5085,88.2385
step,sgdm,quadratic-1048576-1,wall,triton_nr,3,78.22599999999998,77.044,79.40350000000001
step,sgdm,quadratic-1048576-1,wall,triton_sr,3,79.679,76.691,80.309
step,sgdm,quadratic-1048576-32,cuda,compiled_sr,3,1949.9040246009827,1894.2880034446716,1966.0800099372864
step,sgdm,quadratic-1048576-32,cuda,eager_sr,3,9099.279880523682,8993.919849395752,9101.00793838501
step,sgdm,quadratic-1048576-32,cuda,native_nr,3,1555.3280115127563,1544.2079901695251,1578.3680081367493
step,sgdm,quadratic-1048576-32,cuda,triton_nr,3,1050.0800013542175,1039.3279790878296,1069.263994693756
step,sgdm,quadratic-1048576-32,cuda,triton_sr,3,1061.5519881248474,1049.6960282325745,1086.0640406608582
step,sgdm,quadratic-1048576-32,submit,compiled_sr,3,1934.747,1878.951,1950.9665
step,sgdm,quadratic-1048576-32,submit,eager_sr,3,9082.4675,8977.303,9084.061
step,sgdm,quadratic-1048576-32,submit,native_nr,3,1543.467,1532.129,1565.5220000000002
step,sgdm,quadratic-1048576-32,submit,triton_nr,3,1036.835,1026.0925,1056.2085
step,sgdm,quadratic-1048576-32,submit,triton_sr,3,1048.5535000000002,1036.733,1073.3319999999999
step,sgdm,quadratic-1048576-32,wall,compiled_sr,3,1955.6195,1900.6059999999998,1972.108
step,sgdm,quadratic-1048576-32,wall,eager_sr,3,9105.32,9000.295000000002,9107.1765
step,sgdm,quadratic-1048576-32,wall,native_nr,3,1561.2015000000001,1550.127,1584.2845
step,sgdm,quadratic-1048576-32,wall,triton_nr,3,1055.7859999999998,1045.164,1075.133
step,sgdm,quadratic-1048576-32,wall,triton_sr,3,1067.2765,1055.697,1091.897
step,sgdm,quadratic-16777216-1,cuda,compiled_sr,3,141.10399782657623,140.3679996728897,142.60800182819366
step,sgdm,quadratic-16777216-1,cuda,eager_sr,3,2487.6480102539062,2487.280011177063,2487.776041030884
step,sgdm,quadratic-16777216-1,cuda,native_nr,3,283.4399938583374,283.1519991159439,284.1919958591461
step,sgdm,quadratic-16777216-1,cuda,triton_nr,3,115.87200313806534,115.82400277256966,117.87200346589088
step,sgdm,quadratic-16777216-1,cuda,triton_sr,3,116.68800190091133,116.2399984896183,118.1119978427887
step,sgdm,quadratic-16777216-1,submit,compiled_sr,3,95.93499999999999,93.97,96.5745
step,sgdm,quadratic-16777216-1,submit,eager_sr,3,324.7485,320.5945,325.212
step,sgdm,quadratic-16777216-1,submit,native_nr,3,70.4975,70.3815,72.1055
step,sgdm,quadratic-16777216-1,submit,triton_nr,3,62.745999999999995,61.278,64.0415
step,sgdm,quadratic-16777216-1,submit,triton_sr,3,63.584,62.0095,64.2385
step,sgdm,quadratic-16777216-1,wall,compiled_sr,3,147.2,146.7385,148.91500000000002
step,sgdm,quadratic-16777216-1,wall,eager_sr,3,2494.399,2494.1255,2494.5325000000003
step,sgdm,quadratic-16777216-1,wall,native_nr,3,289.72200000000004,289.6695,290.56649999999996
step,sgdm,quadratic-16777216-1,wall,triton_nr,3,122.3075,121.81649999999999,124.197
step,sgdm,quadratic-16777216-1,wall,triton_sr,3,122.9445,122.6095,124.33500000000001
step,sgdm,quadratic-16777216-32,cuda,compiled_sr,3,1946.7520117759705,1916.3999557495117,1976.3039946556091
step,sgdm,quadratic-16777216-32,cuda,eager_sr,3,9163.26379776001,9069.808006286621,9197.760105133057
step,sgdm,quadratic-16777216-32,cuda,native_nr,3,1555.7920336723328,1549.2960214614868,1574.832022190094
step,sgdm,quadratic-16777216-32,cuda,triton_nr,3,1065.6960010528564,1061.3920092582703,1076.640009880066
step,sgdm,quadratic-16777216-32,cuda,triton_sr,3,1074.2239952087402,1069.0560340881348,1079.4559717178345
step,sgdm,quadratic-16777216-32,submit,compiled_sr,3,1930.148,1901.643,1959.7365
step,sgdm,quadratic-16777216-32,submit,eager_sr,3,9145.2945,9052.4385,9178.642
step,sgdm,quadratic-16777216-32,submit,native_nr,3,1543.942,1537.4195,1562.3735000000001
step,sgdm,quadratic-16777216-32,submit,triton_nr,3,1051.768,1048.2645000000002,1063.4489999999998
step,sgdm,quadratic-16777216-32,submit,triton_sr,3,1060.56,1056.3395,1065.8135
step,sgdm,quadratic-16777216-32,wall,compiled_sr,3,1952.9195000000002,1922.737,1982.4030000000002
step,sgdm,quadratic-16777216-32,wall,eager_sr,3,9169.621500000001,9076.2045,9204.277999999998
step,sgdm,quadratic-16777216-32,wall,native_nr,3,1561.7255,1555.2385,1580.651
step,sgdm,quadratic-16777216-32,wall,triton_nr,3,1071.027,1067.6895,1082.559
step,sgdm,quadratic-16777216-32,wall,triton_sr,3,1080.1225000000002,1075.113,1084.752
update,adamw,1024x1,cuda,compiled_bf16_nr,3,103.96800190210342,103.7760004401207,107.40799829363823
update,adamw,1024x1,cuda,compiled_bf16_sr,3,108.88000205159187,106.9440022110939,110.44799908995628
update,adamw,1024x1,cuda,compiled_fp32,3,105.04000261425972,103.64799946546555,107.12000355124474
update,adamw,1024x1,cuda,eager_bf16_nr,3,120.03199756145477,118.57600137591362,121.15199863910675
update,adamw,1024x1,cuda,eager_bf16_sr,3,607.4240207672119,601.9520163536072,617.1519756317139
update,adamw,1024x1,cuda,eager_fp32,3,91.07200056314468,90.33600240945816,93.36000308394432
update,adamw,1024x1,cuda,triton_bf16_nr,3,55.55199831724167,55.23199960589409,55.58399856090546
update,adamw,1024x1,cuda,triton_bf16_sr,3,56.20799958705902,55.776000022888184,56.68799951672554
update,adamw,1024x1,cuda,triton_fp32,3,55.424001067876816,55.04000000655651,55.984001606702805
update,adamw,1048576x1,cuda,compiled_bf16_nr,3,103.84000092744827,103.39199751615524,106.25599697232246
update,adamw,1048576x1,cuda,compiled_bf16_sr,3,116.7680025100708,116.27199873328209,119.1679984331131
update,adamw,1048576x1,cuda,compiled_fp32,3,112.23999783396721,111.43999919295311,113.35999891161919
update,adamw,1048576x1,cuda,eager_bf16_nr,3,119.98399719595909,118.83200332522392,121.32799997925758
update,adamw,1048576x1,cuda,eager_bf16_sr,3,610.3200018405914,602.48002409935,621.4399933815002
update,adamw,1048576x1,cuda,eager_fp32,3,90.60799703001976,89.53599631786346,93.37600320577621
update,adamw,1048576x1,cuda,triton_bf16_nr,3,55.424001067876816,54.78399991989136,55.44000118970871
update,adamw,1048576x1,cuda,triton_bf16_sr,3,56.15999922156334,55.87200075387955,56.40000104904175
update,adamw,1048576x1,cuda,triton_fp32,3,55.67999929189682,54.19199913740158,57.00800009071827
update,adamw,16777216x1,cuda,compiled_bf16_nr,3,249.39200282096863,249.27999824285507,252.33599543571472
update,adamw,16777216x1,cuda,compiled_bf16_sr,3,495.88799476623535,494.3839907646179,497.69599735736847
update,adamw,16777216x1,cuda,compiled_fp32,3,459.29598808288574,459.1679871082306,459.3600034713745
update,adamw,16777216x1,cuda,eager_bf16_nr,3,599.7120141983032,599.3439853191376,600.5439758300781
update,adamw,16777216x1,cuda,eager_bf16_sr,3,4990.416049957275,4988.063812255859,4996.448040008545
update,adamw,16777216x1,cuda,eager_fp32,3,476.27200186252594,476.22400522232056,477.32800245285034
update,adamw,16777216x1,cuda,triton_bf16_nr,3,83.83999764919281,83.77599716186523,84.32000130414963
update,adamw,16777216x1,cuda,triton_bf16_sr,3,84.03199911117554,83.93599838018417,84.48000252246857
update,adamw,16777216x1,cuda,triton_fp32,3,114.99199643731117,114.94400352239609,115.07199704647064
update,adamw,4096x32,cuda,compiled_bf16_nr,3,2606.7839860916138,2527.7119874954224,2621.6800212860107
update,adamw,4096x32,cuda,compiled_bf16_sr,3,2684.5600605010986,2628.719925880432,2725.3119945526123
update,adamw,4096x32,cuda,compiled_fp32,3,2624.559998512268,2585.487961769104,2633.8239908218384
update,adamw,4096x32,cuda,eager_bf16_nr,3,3447.7440118789673,3415.93599319458,3511.6000175476074
update,adamw,4096x32,cuda,eager_bf16_sr,3,18602.015495300293,18494.192123413086,18792.943954467773
update,adamw,4096x32,cuda,eager_fp32,3,2534.496068954468,2532.543897628784,2594.928026199341
update,adamw,4096x32,cuda,triton_bf16_nr,3,1194.7360038757324,1170.687973499298,1212.5279903411865
update,adamw,4096x32,cuda,triton_bf16_sr,3,1202.5439739227295,1200.8000016212463,1260.2400183677673
update,adamw,4096x32,cuda,triton_fp32,3,1167.2000288963318,1147.808015346527,1169.4080233573914
update,adamw,65536x32,cuda,compiled_bf16_nr,3,2601.151943206787,2546.7519760131836,2623.0239868164062
update,adamw,65536x32,cuda,compiled_bf16_sr,3,2664.064049720764,2663.5520458221436,2723.744034767151
update,adamw,65536x32,cuda,compiled_fp32,3,2637.7280950546265,2556.8480491638184,2640.608072280884
update,adamw,65536x32,cuda,eager_bf16_nr,3,3443.5839653015137,3433.295965194702,3523.2160091400146
update,adamw,65536x32,cuda,eager_bf16_sr,3,18784.255981445312,18685.343742370605,18948.76766204834
update,adamw,65536x32,cuda,eager_fp32,3,2555.776000022888,2554.2080402374268,2617.248058319092
update,adamw,65536x32,cuda,triton_bf16_nr,3,1198.367953300476,1146.8799710273743,1232.3839664459229
update,adamw,65536x32,cuda,triton_bf16_sr,3,1197.8720426559448,1184.992015361786,1218.3680534362793
update,adamw,65536x32,cuda,triton_fp32,3,1182.800054550171,1148.7839818000793,1205.8400511741638
update,sgdm,1024x1,cuda,compiled_bf16_nr,3,86.41600236296654,85.88799834251404,89.56799656152725
update,sgdm,1024x1,cuda,compiled_bf16_sr,3,88.8959988951683,88.28800171613693,92.32000261545181
update,sgdm,1024x1,cuda,compiled_fp32,3,87.24800124764442,85.52000299096107,89.9679996073246
update,sgdm,1024x1,cuda,eager_bf16_nr,3,60.62399968504906,58.9120015501976,60.88000163435936
update,sgdm,1024x1,cuda,eager_bf16_sr,3,314.9600028991699,303.631991147995,317.455992102623
update,sgdm,1024x1,cuda,eager_fp32,3,45.951999723911285,44.76799815893173,46.1760014295578
update,sgdm,1024x1,cuda,triton_bf16_nr,3,48.64000156521797,47.520000487565994,49.8879998922348
update,sgdm,1024x1,cuda,triton_bf16_sr,3,49.39199984073639,49.12000149488449,49.904000014066696
update,sgdm,1024x1,cuda,triton_fp32,3,48.49600046873093,47.74399846792221,49.3599995970726
update,sgdm,1048576x1,cuda,compiled_bf16_nr,3,85.79199761152267,85.4720026254654,88.60799670219421
update,sgdm,1048576x1,cuda,compiled_bf16_sr,3,88.22400122880936,87.10400015115738,90.46400338411331
update,sgdm,1048576x1,cuda,compiled_fp32,3,84.97599884867668,84.73599702119827,88.73599767684937
update,sgdm,1048576x1,cuda,eager_bf16_nr,3,60.46399846673012,59.007998555898666,61.02399900555611
update,sgdm,1048576x1,cuda,eager_bf16_sr,3,319.3280100822449,305.31199276447296,323.0080008506775
update,sgdm,1048576x1,cuda,eager_fp32,3,46.01600021123886,45.232001692056656,46.431999653577805
update,sgdm,1048576x1,cuda,triton_bf16_nr,3,48.33599925041199,47.839999198913574,49.52000081539154
update,sgdm,1048576x1,cuda,triton_bf16_sr,3,47.85599932074547,47.68000170588493,49.79199916124344
update,sgdm,1048576x1,cuda,triton_fp32,3,48.576001077890396,47.34399914741516,49.984000623226166
update,sgdm,16777216x1,cuda,compiled_bf16_nr,3,68.15999746322632,68.11199709773064,68.1919977068901
update,sgdm,16777216x1,cuda,compiled_bf16_sr,3,86.17600053548813,85.93599870800972,87.13600039482117
update,sgdm,16777216x1,cuda,compiled_fp32,3,88.639996945858,88.54400366544724,88.70399743318558
update,sgdm,16777216x1,cuda,eager_bf16_nr,3,264.384001493454,263.824000954628,265.3919905424118
update,sgdm,16777216x1,cuda,eager_bf16_sr,3,2458.032011985779,2456.912040710449,2461.7120027542114
update,sgdm,16777216x1,cuda,eager_fp32,3,203.66399735212326,203.12000066041946,204.6239972114563
update,sgdm,16777216x1,cuda,triton_bf16_nr,3,67.9360032081604,67.77600198984146,67.9360032081604
update,sgdm,16777216x1,cuda,triton_bf16_sr,3,67.96800345182419,67.96800345182419,68.00000369548798
update,sgdm,16777216x1,cuda,triton_fp32,3,83.10399949550629,83.0719992518425,83.15199986100197
update,sgdm,4096x32,cuda,compiled_bf16_nr,3,2041.4719581604004,1991.4239645004272,2080.24001121521
update,sgdm,4096x32,cuda,compiled_bf16_sr,3,2122.6561069488525,2027.7279615402222,2184.607982635498
update,sgdm,4096x32,cuda,compiled_fp32,3,2032.5920581817627,1989.3919825553894,2092.1599864959717
update,sgdm,4096x32,cuda,eager_bf16_nr,3,1603.6480069160461,1598.7040400505066,1640.224039554596
update,sgdm,4096x32,cuda,eager_bf16_sr,3,9160.655975341797,9135.168075561523,9572.128295898438
update,sgdm,4096x32,cuda,eager_fp32,3,1157.5520038604736,1153.663992881775,1168.832004070282
update,sgdm,4096x32,cuda,triton_bf16_nr,3,995.5199956893921,982.5279712677002,1008.3680152893066
update,sgdm,4096x32,cuda,triton_bf16_sr,3,1012.3680233955383,965.8879935741425,1049.344003200531
update,sgdm,4096x32,cuda,triton_fp32,3,993.9840137958527,959.8560035228729,1000.5439519882202
update,sgdm,65536x32,cuda,compiled_bf16_nr,3,2025.5839824676514,1962.7360105514526,2082.3999643325806
update,sgdm,65536x32,cuda,compiled_bf16_sr,3,2133.839964866638,2021.0880041122437,2158.911943435669
update,sgdm,65536x32,cuda,compiled_fp32,3,2018.4959173202515,2006.5759420394897,2110.655903816223
update,sgdm,65536x32,cuda,eager_bf16_nr,3,1615.1039600372314,1605.4080128669739,1648.5280394554138
update,sgdm,65536x32,cuda,eager_bf16_sr,3,9191.0400390625,9175.536155700684,9605.199813842773
update,sgdm,65536x32,cuda,eager_fp32,3,1166.159987449646,1160.095989704132,1174.832046031952
update,sgdm,65536x32,cuda,triton_bf16_nr,3,990.6399846076965,977.9359996318817,1007.6159834861755
update,sgdm,65536x32,cuda,triton_bf16_sr,3,1006.2400102615356,978.5919785499573,1049.4399666786194
update,sgdm,65536x32,cuda,triton_fp32,3,989.5520210266113,957.9840004444122,1053.8399815559387
