method,elements,median_ms,elements_per_second,effective_gbps,p10_ms,p90_ms,samples_ms,timing,optimizer,tensor_elements,tensors,parameter_dtype,state_dtype,rounding,step,block_size,seed,order_seed,warmup,repetitions,correctness,reset,gpu,torch_version,triton_version,python_version
triton_bf16_nr,131072,1.1947360038757324,109707918.38096572,2.1941583676193144,1.1820256233215332,1.2071359753608704,"[1.2159039974212646, 1.1947519779205322, 1.1881279945373535, 1.1815040111541748, 1.1916160583496094, 1.180191993713379, 1.1671040058135986, 1.2056000232696533, 1.185088038444519, 1.2161600589752197, 1.1921279430389404, 1.1978240013122559, 1.1868799924850464, 1.2148159742355347, 1.1915199756622314, 1.2058240175247192, 1.1991679668426514, 1.1972479820251465, 1.1841599941253662, 1.2021440267562866, 1.1848959922790527, 1.1934080123901367, 1.202015995979309, 1.1811519861221313, 1.1998080015182495, 1.194432020187378, 1.2008320093154907, 1.1950080394744873, 1.196992039680481, 1.1858240365982056, 1.195680022239685, 1.1947200298309326, 1.2036160230636597, 1.1934720277786255, 1.1938879489898682, 1.1935360431671143, 1.1962239742279053, 1.1815359592437744, 1.2090879678726196, 1.2174400091171265, 1.2074240446090698, 1.2006720304489136, 1.192255973815918, 1.1947840452194214, 1.1932480335235596, 1.1869440078735352, 1.1902719736099243, 1.1827199459075928, 1.1894079446792603, 1.1936320066452026, 1.2003519535064697, 1.1981439590454102, 1.2055679559707642, 1.2013440132141113, 1.1839359998703003, 1.176576018333435, 1.1782079935073853, 1.1844799518585205, 1.2019840478897095, 1.1862720251083374, 1.207103967666626, 1.2119040489196777, 1.1820800304412842, 1.2240639925003052, 1.1872639656066895, 1.1920959949493408, 1.1984959840774536, 1.2000960111618042, 1.178048014640808, 1.1977280378341675, 1.1960959434509277, 1.1871360540390015, 1.20249605178833, 1.2163840532302856, 1.1891839504241943, 1.1997120380401611, 1.2055679559707642, 1.2048959732055664, 1.2002240419387817, 1.196768045425415, 1.1974400281906128, 1.189568042755127, 1.1957440376281738, 1.2040319442749023, 1.199295997619629, 1.189471960067749, 1.2081600427627563, 1.1897599697113037, 1.1943680047988892, 1.1871999502182007, 1.1941759586334229, 1.1935360431671143, 1.1843520402908325, 1.182528018951416, 1.16867196559906, 1.1766400337219238, 1.2021119594573975, 1.1942720413208008, 1.204543948173523, 1.2048959732055664]",cuda_events,adamw,4096,32,fp32,torch.bfloat16,nearest,100,256,7,0,20,100,passed,outside_timing,NVIDIA H200,2.11.0+cu128,3.6.0,3.13.5
compiled_fp32,131072,2.6338239908218384,49764904.73803502,1.3934173326649806,2.6135936260223387,2.6566335678100588,"[2.6829440593719482, 2.660383939743042, 2.6525440216064453, 2.6302719116210938, 2.6604158878326416, 2.65395188331604, 2.6366400718688965, 2.6340479850769043, 8.544032096862793, 2.6954240798950195, 2.6576640605926514, 2.653599977493286, 2.6462719440460205, 2.6286399364471436, 2.6377921104431152, 2.6565439701080322, 2.6527678966522217, 2.634592056274414, 2.6203839778900146, 2.6382079124450684, 2.6343040466308594, 2.643712043762207, 2.6167359352111816, 2.6335999965667725, 2.6320960521698, 2.6425600051879883, 2.633120059967041, 2.634943962097168, 2.631648063659668, 2.6271679401397705, 2.628159999847412, 2.6477439403533936, 2.6504321098327637, 2.655263900756836, 2.6302080154418945, 2.645375967025757, 2.6283841133117676, 2.6249279975891113, 2.6305599212646484, 2.6360321044921875, 2.6440000534057617, 2.641792058944702, 2.6334400177001953, 2.6144959926605225, 2.6491520404815674, 2.6499199867248535, 2.6265599727630615, 2.6440320014953613, 2.6694400310516357, 2.6452479362487793, 2.641439914703369, 2.637279987335205, 2.6282880306243896, 2.6303040981292725, 2.6244161128997803, 2.648416042327881, 2.6418559551239014, 2.6393918991088867, 2.624191999435425, 2.657439947128296, 2.641535997390747, 2.621504068374634, 2.628063917160034, 2.6203200817108154, 2.634943962097168, 2.6341440677642822, 2.6088318824768066, 2.5933759212493896, 2.6228480339050293, 2.723968029022217, 2.638848066329956, 2.6354238986968994, 2.6189119815826416, 2.624768018722534, 2.6340479850769043, 2.610879898071289, 2.6234560012817383, 2.6190719604492188, 2.6109440326690674, 2.621920108795166, 2.6219840049743652, 2.596224069595337, 2.6179840564727783, 2.620255947113037, 2.632607936859131, 2.634399890899658, 2.6423680782318115, 2.6026558876037598, 2.614464044570923, 2.629983901977539, 2.8211519718170166, 2.634687900543213, 2.608544111251831, 2.6317760944366455, 2.6204800605773926, 2.6012799739837646, 2.6013119220733643, 2.604383945465088, 2.62556791305542, 2.6138880252838135]",cuda_events,adamw,4096,32,fp32,torch.float32,nearest,100,,7,0,20,100,passed,outside_timing,NVIDIA H200,2.11.0+cu128,3.6.0,3.13.5
eager_bf16_nr,131072,3.5116000175476074,37325435.51231003,0.7465087102462006,3.4960416316986085,3.5248960494995116,"[3.5311999320983887, 3.52675199508667, 3.5257599353790283, 3.5197439193725586, 3.5233280658721924, 3.5248000621795654, 3.5158400535583496, 3.5127360820770264, 3.4919040203094482, 3.511967897415161, 3.502784013748169, 3.5085439682006836, 3.528736114501953, 3.5136640071868896, 3.5263359546661377, 3.526911973953247, 3.5154879093170166, 3.5115840435028076, 3.519455909729004, 3.5348479747772217, 3.507296085357666, 3.5139520168304443, 3.505728006362915, 3.501120090484619, 3.523967981338501, 3.500351905822754, 3.5089919567108154, 3.492095947265625, 3.485599994659424, 3.50816011428833, 3.5080320835113525, 3.5031681060791016, 3.513216018676758, 3.517888069152832, 3.4961600303649902, 3.510335922241211, 3.4992640018463135, 3.4968960285186768, 3.4933440685272217, 3.494976043701172, 3.5103039741516113, 3.5021440982818604, 3.5134079456329346, 3.517375946044922, 3.4969921112060547, 3.491424083709717, 3.5090560913085938, 3.4915521144866943, 3.4899520874023438, 3.497407913208008, 3.5119359493255615, 3.505568027496338, 3.5109119415283203, 3.5024640560150146, 3.509023904800415, 3.505280017852783, 3.524768114089966, 3.512608051300049, 3.4987199306488037, 3.510143995285034, 3.5081279277801514, 3.521951913833618, 3.510495901107788, 3.506432056427002, 3.5039680004119873, 3.5071680545806885, 3.483520030975342, 3.5064001083374023, 3.497983932495117, 3.5116159915924072, 3.5142080783843994, 3.5179519653320312, 3.5117759704589844, 3.499488115310669, 3.5138559341430664, 3.512608051300049, 3.5118720531463623, 3.506239891052246, 3.5175681114196777, 3.5013439655303955, 3.520319938659668, 3.5145280361175537, 3.517535924911499, 3.5206079483032227, 3.528320074081421, 3.506079912185669, 3.50982403755188, 3.4935998916625977, 3.523008108139038, 3.5208001136779785, 3.5266239643096924, 3.573280096054077, 3.522655963897705, 3.524415969848633, 3.5069119930267334, 3.5179519653320312, 3.514400005340576, 3.520224094390869, 3.5124800205230713, 3.5226240158081055]",cuda_events,adamw,4096,32,fp32,torch.bfloat16,nearest,100,,7,0,20,100,passed,outside_timing,NVIDIA H200,2.11.0+cu128,3.6.0,3.13.5
compiled_bf16_sr,131072,2.6845600605010986,48824387.25380357,0.9764877450760715,2.6652639627456667,2.7026336669921873,"[2.7546560764312744, 2.679680109024048, 2.6893439292907715, 2.7304000854492188, 2.693727970123291, 2.6922240257263184, 2.6718080043792725, 2.670016050338745, 2.687135934829712, 2.6804161071777344, 2.697824001312256, 2.6846399307250977, 2.6759040355682373, 2.661855936050415, 2.675071954727173, 2.698944091796875, 2.672991991043091, 2.7007040977478027, 2.6653759479522705, 2.695103883743286, 2.689120054244995, 2.6875200271606445, 2.69651198387146, 2.675935983657837, 2.668992042541504, 2.7027199268341064, 2.678175926208496, 2.694272041320801, 2.69980788230896, 2.7107200622558594, 2.6723198890686035, 2.6832640171051025, 2.6794240474700928, 2.7009599208831787, 2.6910400390625, 2.6845760345458984, 2.679647922515869, 2.70198392868042, 2.677311897277832, 2.686176061630249, 2.6913599967956543, 2.688096046447754, 2.7174079418182373, 2.685663938522339, 2.6941440105438232, 2.674783945083618, 2.6803839206695557, 2.6810879707336426, 2.663935899734497, 2.676543951034546, 2.6944000720977783, 2.671135902404785, 2.691103935241699, 2.6816959381103516, 2.692768096923828, 2.6748158931732178, 2.6879680156707764, 2.6935040950775146, 2.7056639194488525, 2.6888320446014404, 2.6744320392608643, 2.6553919315338135, 2.6681599617004395, 2.6967360973358154, 2.7026240825653076, 2.6601920127868652, 2.678783893585205, 2.6764159202575684, 2.684607982635498, 2.678783893585205, 2.682015895843506, 2.685375928878784, 2.6799681186676025, 2.7146880626678467, 2.7088639736175537, 2.684544086456299, 2.693664073944092, 2.692064046859741, 2.688096046447754, 2.718463897705078, 2.67305588722229, 2.689631938934326, 2.680351972579956, 2.6830079555511475, 2.6810240745544434, 2.692352056503296, 2.6809279918670654, 2.6753599643707275, 2.679935932159424, 2.6642560958862305, 2.66595196723938, 2.693567991256714, 2.6935040950775146, 2.6574079990386963, 2.661439895629883, 2.6658239364624023, 2.661184072494507, 2.6637120246887207, 5.611455917358398, 2.651776075363159]",cuda_events,adamw,4096,32,fp32,torch.bfloat16,stochastic,100,,7,0,20,100,passed,outside_timing,NVIDIA H200,2.11.0+cu128,3.6.0,3.13.5
compiled_bf16_nr,131072,2.6216800212860107,49995422.37641394,0.9999084475282788,2.5986751317977905,2.6418144702911377,"[2.6319360733032227, 2.6281280517578125, 2.619647979736328, 2.649247884750366, 2.6399359703063965, 2.617311954498291, 2.6233599185943604, 2.636159896850586, 2.6254398822784424, 2.644160032272339, 2.631135940551758, 2.6260480880737305, 2.6317760944366455, 2.6270079612731934, 2.6271679401397705, 2.621664047241211, 2.6338560581207275, 2.631392002105713, 2.60150408744812, 2.612544059753418, 2.607840061187744, 2.6234240531921387, 2.5920960903167725, 2.615744113922119, 2.614720106124878, 2.6227519512176514, 2.6441280841827393, 2.6372480392456055, 2.641632080078125, 2.6097280979156494, 2.6768319606781006, 2.6206400394439697, 2.637631893157959, 2.644767999649048, 2.6218559741973877, 2.6143040657043457, 2.620352029800415, 2.6106560230255127, 2.6186559200286865, 2.619744062423706, 2.640320062637329, 2.610719919204712, 2.6358399391174316, 2.605087995529175, 2.614367961883545, 2.6151680946350098, 2.604032039642334, 2.6335361003875732, 2.6276159286499023, 2.622368097305298, 2.6262080669403076, 2.6218559741973877, 2.626688003540039, 2.6216959953308105, 2.6166720390319824, 2.6256320476531982, 2.661952018737793, 2.6358718872070312, 2.632927894592285, 2.6229441165924072, 2.616703987121582, 2.6219840049743652, 2.625056028366089, 2.634848117828369, 2.646239995956421, 2.6059200763702393, 2.6045119762420654, 2.6549758911132812, 2.629472017288208, 2.6196799278259277, 2.6260480880737305, 2.6041600704193115, 2.5994880199432373, 2.639552116394043, 2.6119680404663086, 2.6276800632476807, 2.6105918884277344, 2.5953280925750732, 2.6080639362335205, 2.616895914077759, 2.6088640689849854, 2.613215923309326, 2.6493120193481445, 2.615936040878296, 2.6246719360351562, 2.643455982208252, 2.5974080562591553, 2.6063039302825928, 2.6027839183807373, 2.59881591796875, 2.586047887802124, 2.5790719985961914, 2.589024066925049, 2.5898239612579346, 2.59987211227417, 2.5994880199432373, 2.5932159423828125, 2.6044158935546875, 2.575455904006958, 2.5964479446411133]",cuda_events,adamw,4096,32,fp32,torch.bfloat16,nearest,100,,7,0,20,100,passed,outside_timing,NVIDIA H200,2.11.0+cu128,3.6.0,3.13.5
eager_fp32,131072,2.594928026199341,50510842.180071756,1.414303581042009,2.579619216918945,2.6090975522994997,"[2.6091840267181396, 2.6032960414886475, 2.5930240154266357, 2.6052799224853516, 2.599936008453369, 2.5881919860839844, 2.591007947921753, 2.604640007019043, 2.5951039791107178, 2.59881591796875, 2.5979199409484863, 2.586047887802124, 2.6090879440307617, 2.6065919399261475, 2.61081600189209, 2.5889599323272705, 2.5918080806732178, 2.6018879413604736, 2.5966720581054688, 2.595679998397827, 2.599168062210083, 2.583103895187378, 2.585376024246216, 2.6012160778045654, 2.615839958190918, 2.6231679916381836, 2.606559991836548, 2.5933120250701904, 2.579648017883301, 2.6061439514160156, 2.6019840240478516, 2.5955519676208496, 2.5797441005706787, 2.585952043533325, 2.5844480991363525, 2.612031936645508, 2.598560094833374, 2.605664014816284, 2.5820159912109375, 2.577984094619751, 2.598144054412842, 2.581120014190674, 2.608383893966675, 2.5924160480499268, 4.894944190979004, 2.611392021179199, 2.594752073287964, 2.5814080238342285, 2.5835518836975098, 2.5921599864959717, 2.5959360599517822, 2.58735990524292, 2.6057920455932617, 2.5797119140625, 2.581792116165161, 2.611488103866577, 2.609055995941162, 2.591423988342285, 2.603231906890869, 2.580575942993164, 2.579360008239746, 2.601952075958252, 2.603264093399048, 2.5848000049591064, 2.5743041038513184, 2.5843520164489746, 2.5840959548950195, 2.581727981567383, 2.593247890472412, 2.6040000915527344, 2.576927900314331, 2.584671974182129, 2.6113600730895996, 2.596287965774536, 2.584415912628174, 2.569727897644043, 2.5737600326538086, 2.5921599864959717, 2.59987211227417, 2.6007680892944336, 2.5996479988098145, 2.5837440490722656, 2.575615882873535, 2.6046080589294434, 2.6039040088653564, 2.6194560527801514, 2.6082561016082764, 2.5751359462738037, 2.598144054412842, 2.60262393951416, 2.6052799224853516, 2.594399929046631, 2.580832004547119, 2.574176073074341, 2.5943360328674316, 2.6003201007843018, 2.593791961669922, 2.5895678997039795, 2.5729920864105225, 2.580832004547119]",cuda_events,adamw,4096,32,fp32,torch.float32,nearest,100,,7,0,20,100,passed,outside_timing,NVIDIA H200,2.11.0+cu128,3.6.0,3.13.5
eager_bf16_sr,131072,18.792943954467773,6974532.586143288,0.13949065172286576,18.711271286010742,19.010531616210937,"[18.78553581237793, 18.752639770507812, 18.794143676757812, 18.835264205932617, 18.791744232177734, 18.9498233795166, 18.80086326599121, 18.77529525756836, 18.779775619506836, 18.81862449645996, 18.715200424194336, 18.759424209594727, 18.7076473236084, 18.721920013427734, 18.760160446166992, 18.739839553833008, 18.774911880493164, 18.836896896362305, 18.797151565551758, 18.789823532104492, 18.787616729736328, 18.737247467041016, 18.75868797302246, 18.69740867614746, 18.714399337768555, 18.79020881652832, 18.753503799438477, 18.72444725036621, 18.764991760253906, 18.72857666015625, 18.75017547607422, 18.71164894104004, 18.75014305114746, 18.700544357299805, 18.70476722717285, 18.73641586303711, 18.70787239074707, 18.6975040435791, 18.697856903076172, 18.703168869018555, 18.772640228271484, 18.917407989501953, 20.19340705871582, 18.83679962158203, 19.01487922668457, 18.967071533203125, 19.00912094116211, 18.917247772216797, 18.982816696166992, 18.947776794433594, 19.07142448425293, 18.871776580810547, 18.99068832397461, 18.968416213989258, 18.855327606201172, 18.948896408081055, 18.926176071166992, 19.010528564453125, 18.892192840576172, 18.904287338256836, 19.040063858032227, 18.92857551574707, 18.857280731201172, 18.918399810791016, 18.9333438873291, 19.066560745239258, 18.93609619140625, 18.84227180480957, 18.98294448852539, 19.069631576538086, 18.834047317504883, 18.887584686279297, 19.042272567749023, 19.084863662719727, 18.986400604248047, 19.01055908203125, 18.96169662475586, 18.88159942626953, 18.766592025756836, 18.71820831298828, 18.852672576904297, 18.727712631225586, 18.778432846069336, 18.76892852783203, 18.83500862121582, 18.77097511291504, 18.76380729675293, 18.70355224609375, 18.68604850769043, 18.71891212463379, 19.547775268554688, 18.7989444732666, 18.782751083374023, 18.74892807006836, 18.75644874572754, 18.795135498046875, 18.737600326538086, 18.830432891845703, 18.7293758392334, 18.767391204833984]",cuda_events,adamw,4096,32,fp32,torch.bfloat16,stochastic,100,,7,0,20,100,passed,outside_timing,NVIDIA H200,2.11.0+cu128,3.6.0,3.13.5
triton_fp32,131072,1.1672000288963318,112296090.43441992,3.1442905321637578,1.1531967520713806,1.1852831721305848,"[1.1610239744186401, 1.179360032081604, 1.1802879571914673, 1.1735999584197998, 1.159999966621399, 1.2000000476837158, 1.1852799654006958, 1.1886399984359741, 1.1726720333099365, 1.1776000261306763, 1.1610560417175293, 1.168768048286438, 1.1629760265350342, 1.1630079746246338, 1.1688319444656372, 1.1535680294036865, 1.1656960248947144, 1.1615040302276611, 1.1651519536972046, 1.157696008682251, 1.1709120273590088, 1.173408031463623, 1.1672639846801758, 1.1629760265350342, 1.1633280515670776, 1.1690239906311035, 1.1492160558700562, 1.1480000019073486, 1.155135989189148, 1.1560640335083008, 1.1621760129928589, 1.1583679914474487, 1.1419520378112793, 1.152735948562622, 1.1679359674453735, 1.180575966835022, 1.1670399904251099, 1.2031359672546387, 1.172320008277893, 1.1752959489822388, 1.1454399824142456, 1.1650240421295166, 1.1769280433654785, 1.1539839506149292, 1.1626559495925903, 1.1647679805755615, 1.185920000076294, 1.1820800304412842, 1.1671680212020874, 1.1499199867248535, 1.185312032699585, 1.1594879627227783, 1.152608036994934, 1.1609599590301514, 1.1812479496002197, 1.1618880033493042, 1.164736032485962, 1.155295968055725, 1.161120057106018, 1.1639679670333862, 1.168768048286438, 1.1537599563598633, 1.17631995677948, 1.1915839910507202, 1.1532479524612427, 1.1679680347442627, 1.172767996788025, 1.1728639602661133, 1.161247968673706, 1.183135986328125, 1.1683520078659058, 1.1888959407806396, 1.164639949798584, 1.1685760021209717, 1.1509120464324951, 1.1652480363845825, 1.1516480445861816, 1.1720319986343384, 1.159872055053711, 1.169983983039856, 1.1887359619140625, 1.1589759588241577, 1.1779839992523193, 1.161728024482727, 1.1742719411849976, 1.172160029411316, 1.1596159934997559, 1.1672320365905762, 1.180832028388977, 1.1522560119628906, 1.1754239797592163, 1.1690239906311035, 1.1703039407730103, 1.1845120191574097, 1.1622079610824585, 1.1679999828338623, 1.1660799980163574, 1.1904959678649902, 1.174239993095398, 1.189344048500061]",cuda_events,adamw,4096,32,fp32,torch.float32,nearest,100,256,7,0,20,100,passed,outside_timing,NVIDIA H200,2.11.0+cu128,3.6.0,3.13.5
triton_bf16_sr,131072,1.2602400183677673,104005584.7216797,2.080111694433594,1.2485056281089784,1.272044825553894,"[1.2599040269851685, 1.2638720273971558, 1.2456320524215698, 1.24617600440979, 1.249824047088623, 1.2533119916915894, 1.2575680017471313, 1.2497919797897339, 1.2641279697418213, 1.2565439939498901, 1.2525440454483032, 1.25600004196167, 1.2490240335464478, 1.243008017539978, 1.265504002571106, 1.2468479871749878, 1.2657279968261719, 1.2720320224761963, 1.2647360563278198, 1.2646080255508423, 1.257472038269043, 1.2693439722061157, 1.2569600343704224, 1.2545599937438965, 1.266592025756836, 1.2592639923095703, 1.2695679664611816, 1.2606079578399658, 1.283136010169983, 1.2574399709701538, 1.2715200185775757, 1.258944034576416, 1.27948796749115, 1.2567039728164673, 1.260159969329834, 1.2546240091323853, 1.2768959999084473, 1.2547199726104736, 1.260256052017212, 1.245408058166504, 1.260640025138855, 1.27183997631073, 1.259071946144104, 1.267583966255188, 1.2865279912948608, 1.2652159929275513, 1.2517119646072388, 1.2602239847183228, 1.2746880054473877, 1.2636159658432007, 1.2628480195999146, 1.257215976715088, 1.2647039890289307, 1.2665599584579468, 1.2832319736480713, 1.2463680505752563, 1.2540479898452759, 1.2721600532531738, 1.2616000175476074, 1.2640639543533325, 1.254431962966919, 1.2491199970245361, 1.2542719841003418, 1.2565120458602905, 1.249951958656311, 1.2485120296478271, 1.275231957435608, 1.2626880407333374, 1.2647360563278198, 1.2433279752731323, 1.255071997642517, 1.2442560195922852, 1.2664639949798584, 1.2670079469680786, 1.2515840530395508, 1.2616959810256958, 1.262719988822937, 1.2585920095443726, 1.269055962562561, 1.2622720003128052, 1.2726720571517944, 1.24726402759552, 1.2696000337600708, 1.267807960510254, 1.2527040243148804, 1.2690880298614502, 1.2614719867706299, 1.2570879459381104, 1.2614079713821411, 1.2659519910812378, 1.2594560384750366, 1.2530879974365234, 1.2564159631729126, 1.2496000528335571, 1.2501440048217773, 1.2604800462722778, 1.2693760395050049, 1.2782399654388428, 1.2648320198059082, 1.2484480142593384]",cuda_events,adamw,4096,32,fp32,torch.bfloat16,stochastic,100,256,7,0,20,100,passed,outside_timing,NVIDIA H200,2.11.0+cu128,3.6.0,3.13.5
eager_fp32,2097152,2.617248058319092,801281328.0476289,22.43587718533361,2.597443151473999,2.6322816371917725,"[2.6250879764556885, 2.5968000888824463, 2.6197760105133057, 2.6334080696105957, 2.6035521030426025, 2.6150081157684326, 2.605151891708374, 2.597951889038086, 2.6295039653778076, 2.6264638900756836, 2.622623920440674, 2.620703935623169, 2.608288049697876, 2.60099196434021, 2.618943929672241, 2.624768018722534, 2.6128640174865723, 2.6173760890960693, 2.5965120792388916, 2.5908799171447754, 2.6319680213928223, 2.6209280490875244, 2.6305599212646484, 2.6171200275421143, 2.6174399852752686, 2.599263906478882, 2.630496025085449, 2.6256959438323975, 2.6187520027160645, 2.6291520595550537, 2.602303981781006, 2.59552001953125, 2.626271963119507, 2.618880033493042, 2.6099839210510254, 2.6130878925323486, 3.341088056564331, 2.6283841133117676, 2.6125760078430176, 2.6255359649658203, 2.631103992462158, 2.6164801120758057, 2.632256031036377, 2.613312005996704, 2.5952959060668945, 2.6031360626220703, 2.613600015640259, 2.6208319664001465, 2.6163198947906494, 2.6112959384918213, 2.611072063446045, 2.6188158988952637, 2.630079984664917, 2.627552032470703, 2.652224063873291, 2.609951972961426, 2.6085760593414307, 2.632512092590332, 2.622368097305298, 2.6270079612731934, 2.639359951019287, 2.604703903198242, 2.6046719551086426, 2.6351680755615234, 2.6246399879455566, 2.6129279136657715, 2.626847982406616, 2.6023359298706055, 2.604703903198242, 2.636512041091919, 2.6246399879455566, 2.629983901977539, 2.626176118850708, 2.6255040168762207, 2.601696014404297, 2.637727975845337, 2.634079933166504, 2.6235198974609375, 2.6191680431365967, 2.6071360111236572, 2.6051840782165527, 2.6198720932006836, 2.6139841079711914, 2.6087679862976074, 2.6503679752349854, 2.5949759483337402, 2.606623888015747, 2.611423969268799, 2.623744010925293, 2.61244797706604, 2.5971839427948, 2.6035521030426025, 2.585632085800171, 2.615744113922119, 2.619136095046997, 2.5953280925750732, 2.588383913040161, 2.5974719524383545, 2.61628794670105, 2.6097919940948486]",cuda_events,adamw,65536,32,fp32,torch.float32,nearest,100,,7,0,20,100,passed,outside_timing,NVIDIA H200,2.11.0+cu128,3.6.0,3.13.5
eager_bf16_sr,2097152,18.94876766204834,110674849.01407568,2.213496980281514,18.89480266571045,18.992023086547853,"[19.016096115112305, 18.998144149780273, 18.986112594604492, 18.99158477783203, 18.9649600982666, 18.986976623535156, 18.990528106689453, 18.89481544494629, 18.923263549804688, 18.947423934936523, 18.97417640686035, 18.97478485107422, 18.98963165283203, 19.203039169311523, 19.021728515625, 18.9816951751709, 18.936607360839844, 18.9531192779541, 18.957759857177734, 19.000383377075195, 18.996671676635742, 18.962495803833008, 18.93631935119629, 18.980287551879883, 18.985183715820312, 18.96339225769043, 18.969696044921875, 18.93574333190918, 18.939071655273438, 18.975231170654297, 18.948448181152344, 18.966463088989258, 19.001888275146484, 18.96236801147461, 18.935455322265625, 18.908767700195312, 18.953567504882812, 18.968416213989258, 18.934431076049805, 18.96019172668457, 18.963455200195312, 18.933183670043945, 18.95039939880371, 18.960031509399414, 18.982559204101562, 18.9649600982666, 18.95804786682129, 18.943552017211914, 18.970111846923828, 19.00281524658203, 18.99065589904785, 18.96384048461914, 18.94259262084961, 18.980159759521484, 18.990943908691406, 18.875455856323242, 18.957088470458984, 18.883935928344727, 18.94428825378418, 18.904544830322266, 18.92451286315918, 18.92742347717285, 18.97091293334961, 18.949119567871094, 18.9072322845459, 18.930879592895508, 18.878847122192383, 18.891103744506836, 18.90617561340332, 18.942720413208008, 18.940799713134766, 18.94473648071289, 18.961984634399414, 18.908672332763672, 18.91152000427246, 19.74880027770996, 18.949087142944336, 18.953184127807617, 18.910432815551758, 18.922624588012695, 18.922847747802734, 18.89561653137207, 18.937183380126953, 18.88572883605957, 18.995967864990234, 18.908191680908203, 18.93731117248535, 18.909120559692383, 18.92755126953125, 18.97225570678711, 18.89468765258789, 18.869535446166992, 18.933631896972656, 18.896160125732422, 18.87001609802246, 18.92153549194336, 18.913951873779297, 18.90457534790039, 18.86675262451172, 18.877567291259766]",cuda_events,adamw,65536,32,fp32,torch.bfloat16,stochastic,100,,7,0,20,100,passed,outside_timing,NVIDIA H200,2.11.0+cu128,3.6.0,3.13.5
compiled_bf16_sr,2097152,2.664064049720764,787200292.8082057,15.744005856164113,2.6452255487442016,2.7132127046585084,"[2.7547519207000732, 2.7369279861450195, 2.7296640872955322, 2.7090559005737305, 2.712671995162964, 2.7038400173187256, 2.7009599208831787, 2.7182400226593018, 2.7254719734191895, 2.7539520263671875, 2.719615936279297, 2.6982719898223877, 2.6939520835876465, 2.7070400714874268, 2.705984115600586, 2.716480016708374, 2.714911937713623, 2.7130239009857178, 2.690272092819214, 2.688352108001709, 2.6858880519866943, 2.689471960067749, 2.7180800437927246, 2.6672959327697754, 2.671168088912964, 2.6270720958709717, 2.6640000343322754, 2.665695905685425, 2.666016101837158, 2.672960042953491, 2.665440082550049, 2.6452479362487793, 2.6764159202575684, 2.6836800575256348, 2.650496006011963, 2.660991907119751, 2.6586239337921143, 2.664128065109253, 2.6525120735168457, 2.651808023452759, 2.654560089111328, 2.6618239879608154, 2.6664960384368896, 2.686271905899048, 2.6569600105285645, 2.6592319011688232, 2.649280071258545, 2.648672103881836, 2.654207944869995, 2.6549439430236816, 2.6723520755767822, 2.6334080696105957, 2.646239995956421, 2.674720048904419, 2.6428799629211426, 2.6844160556793213, 2.6597440242767334, 2.6481919288635254, 2.638943910598755, 2.662303924560547, 2.646591901779175, 2.681472063064575, 2.657248020172119, 2.6500160694122314, 2.6487040519714355, 2.6556479930877686, 2.6878719329833984, 2.6453440189361572, 2.6431360244750977, 2.6686079502105713, 2.651103973388672, 2.6521921157836914, 2.6591360569000244, 2.6604158878326416, 2.6728639602661133, 2.6592319011688232, 2.6649599075317383, 2.6804800033569336, 2.65120005607605, 2.6442880630493164, 2.6463680267333984, 2.65395188331604, 2.6643199920654297, 2.658911943435669, 2.683135986328125, 2.666368007659912, 2.6684799194335938, 2.661600112915039, 2.6570560932159424, 2.6793599128723145, 2.6708478927612305, 2.6328001022338867, 2.6574718952178955, 2.650847911834717, 2.6784000396728516, 2.6563520431518555, 2.640511989593506, 2.6420159339904785, 2.6519360542297363, 2.645024061203003]",cuda_events,adamw,65536,32,fp32,torch.bfloat16,stochastic,100,,7,0,20,100,passed,outside_timing,NVIDIA H200,2.11.0+cu128,3.6.0,3.13.5
triton_fp32,2097152,1.2058400511741638,1739162667.517917,48.69655469050167,1.1957055687904359,1.2217343688011169,"[1.2036800384521484, 1.2067519426345825, 1.210752010345459, 1.204416036605835, 1.2028800249099731, 1.2178560495376587, 1.2151999473571777, 1.2062400579452515, 1.2286399602890015, 1.199903964996338, 1.2098239660263062, 1.2054400444030762, 1.1981760263442993, 1.204416036605835, 1.2136000394821167, 1.2004480361938477, 1.2240639925003052, 1.2003200054168701, 1.1936639547348022, 1.2131839990615845, 1.2178879976272583, 1.1983040571212769, 1.2062400579452515, 1.2009600400924683, 1.2019200325012207, 1.187008023262024, 1.2009600400924683, 1.2089279890060425, 1.2025279998779297, 1.200543999671936, 1.2116479873657227, 1.2217919826507568, 1.2016639709472656, 1.2015360593795776, 1.1947200298309326, 1.195647954940796, 1.2032320499420166, 1.2339520454406738, 1.2264959812164307, 1.1974719762802124, 1.1968640089035034, 1.217087984085083, 1.2089600563049316, 1.2116800546646118, 1.20687997341156, 1.2134079933166504, 1.2009919881820679, 1.2111680507659912, 1.201632022857666, 1.20796799659729, 1.2076480388641357, 1.1986559629440308, 1.217087984085083, 1.2098239660263062, 1.1945600509643555, 1.201151967048645, 1.2039680480957031, 1.1957119703292847, 1.2295039892196655, 1.195647954940796, 1.2120319604873657, 1.206976056098938, 1.2137919664382935, 1.2080960273742676, 1.2218559980392456, 1.2094719409942627, 1.2108479738235474, 1.2032320499420166, 1.202847957611084, 1.2018239498138428, 1.2022720575332642, 1.1933759450912476, 1.1865919828414917, 1.1873600482940674, 1.2032320499420166, 1.1965440511703491, 1.2039680480957031, 1.206719994544983, 1.2078399658203125, 1.2052479982376099, 1.1976959705352783, 1.2014399766921997, 1.2053439617156982, 1.2032959461212158, 1.2183359861373901, 1.2179839611053467, 1.191391944885254, 1.20796799659729, 1.1988799571990967, 1.2250239849090576, 1.206496000289917, 1.221727967262268, 1.2317440509796143, 1.2223999500274658, 1.2008320093154907, 1.214176058769226, 1.2164479494094849, 1.2115199565887451, 1.2069120407104492, 1.2123199701309204]",cuda_events,adamw,65536,32,fp32,torch.float32,nearest,100,256,7,0,20,100,passed,outside_timing,NVIDIA H200,2.11.0+cu128,3.6.0,3.13.5
triton_bf16_sr,2097152,1.2183680534362793,1721279537.891036,34.42559075782072,1.2080319762229919,1.2306591629981996,"[1.2281919717788696, 1.229599952697754, 1.195904016494751, 1.205407977104187, 1.2056959867477417, 1.220255970954895, 1.2252479791641235, 1.2168320417404175, 1.2181440591812134, 1.2256640195846558, 1.2729599475860596, 1.2309759855270386, 1.2138240337371826, 1.2103359699249268, 1.2110719680786133, 1.2131199836730957, 1.2142080068588257, 1.2152639627456665, 1.230080008506775, 1.209663987159729, 1.1873600482940674, 1.2221759557724, 1.223680019378662, 1.2159680128097534, 1.2167680263519287, 1.224768042564392, 1.21779203414917, 1.2463359832763672, 1.2219840288162231, 1.2212480306625366, 1.211840033531189, 1.249824047088623, 1.2148480415344238, 1.2306239604949951, 1.2310400009155273, 1.228384017944336, 1.2218879461288452, 1.2244479656219482, 1.2134079933166504, 1.224511981010437, 1.2316800355911255, 1.2362240552902222, 1.2114880084991455, 1.2231999635696411, 1.2175040245056152, 1.2288639545440674, 1.2290560007095337, 1.2195199728012085, 1.2186880111694336, 1.2100160121917725, 1.211840033531189, 1.2177280187606812, 1.2180800437927246, 1.2110400199890137, 1.2108479738235474, 1.2094719409942627, 1.2209919691085815, 1.2291840314865112, 1.2217600345611572, 1.217311978340149, 1.2114559412002563, 1.2143360376358032, 1.213055968284607, 1.204192042350769, 1.2209279537200928, 1.2191040515899658, 1.237504005432129, 1.2292799949645996, 1.2176320552825928, 1.2136319875717163, 1.218783974647522, 1.2196799516677856, 1.2081279754638672, 1.2185920476913452, 1.2059520483016968, 1.211967945098877, 1.206112027168274, 1.2258559465408325, 1.2281919717788696, 1.213055968284607, 1.198591947555542, 1.212928056716919, 1.212224006652832, 1.2204159498214722, 1.2376320362091064, 1.2285120487213135, 1.2071679830551147, 1.2518399953842163, 1.220479965209961, 1.2254400253295898, 1.2161279916763306, 1.2257599830627441, 1.2201919555664062, 1.2102400064468384, 1.1981120109558105, 1.217344045639038, 1.2113280296325684, 1.2209279537200928, 1.2153279781341553, 1.2294080257415771]",cuda_events,adamw,65536,32,fp32,torch.bfloat16,stochastic,100,256,7,0,20,100,passed,outside_timing,NVIDIA H200,2.11.0+cu128,3.6.0,3.13.5
eager_bf16_nr,2097152,3.5232160091400146,595237985.5675939,11.904759711351879,3.505769681930542,3.5325759649276733,"[3.5340800285339355, 3.5325119495391846, 3.5272319316864014, 3.517983913421631, 3.524127960205078, 3.5167999267578125, 3.5253119468688965, 3.515104055404663, 3.512255907058716, 3.5231359004974365, 3.4927361011505127, 3.4922239780426025, 3.492032051086426, 3.505280017852783, 3.5187199115753174, 3.5223679542541504, 3.528736114501953, 3.5205440521240234, 3.523200035095215, 3.520319938659668, 3.505824089050293, 3.5255041122436523, 3.5195200443267822, 3.5201919078826904, 3.506783962249756, 3.530463933944702, 3.525343894958496, 3.5216639041900635, 3.5139520168304443, 3.4944000244140625, 3.5018880367279053, 3.5109760761260986, 3.5276479721069336, 3.502880096435547, 3.5136001110076904, 3.515360116958618, 3.5291199684143066, 3.5178239345550537, 3.505280017852783, 3.521536111831665, 3.534111976623535, 3.5219199657440186, 3.525952100753784, 3.5242559909820557, 3.526848077774048, 3.52726411819458, 3.526495933532715, 3.502527952194214, 3.5186240673065186, 3.524064064025879, 3.507999897003174, 3.5118401050567627, 3.5248639583587646, 3.5208640098571777, 3.537152051925659, 3.5265278816223145, 3.523616075515747, 3.52508807182312, 3.5324161052703857, 3.528575897216797, 3.5331521034240723, 3.5263359546661377, 3.5309760570526123, 3.5405759811401367, 3.5233280658721924, 3.5130879878997803, 3.515903949737549, 3.530208110809326, 3.525183916091919, 3.5232319831848145, 3.5207679271698, 3.526400089263916, 3.511039972305298, 3.5173120498657227, 3.5263679027557373, 3.523008108139038, 3.5207679271698, 3.5181119441986084, 3.5341761112213135, 3.5314559936523438, 3.530656099319458, 3.519040107727051, 3.5265920162200928, 3.5162880420684814, 3.503904104232788, 3.5336639881134033, 3.5189120769500732, 3.540832042694092, 3.52675199508667, 3.513823986053467, 3.527103900909424, 3.5380160808563232, 3.545056104660034, 3.5261120796203613, 3.5207359790802, 3.5324161052703857, 3.528991937637329, 3.5100479125976562, 3.5262720584869385, 3.5265920162200928]",cuda_events,adamw,65536,32,fp32,torch.bfloat16,nearest,100,,7,0,20,100,passed,outside_timing,NVIDIA H200,2.11.0+cu128,3.6.0,3.13.5
compiled_bf16_nr,2097152,2.601151943206787,806239714.4761027,16.124794289522054,2.5809152841567995,2.631910300254822,"[2.6689279079437256, 2.645792007446289, 2.6374399662017822, 2.6152000427246094, 2.6473278999328613, 2.625312089920044, 2.6288321018218994, 2.631903886795044, 2.6333439350128174, 2.651520013809204, 2.6127679347991943, 2.6319680213928223, 2.637471914291382, 2.616640090942383, 2.6154561042785645, 2.6291840076446533, 2.6110079288482666, 2.622368097305298, 2.6268160343170166, 2.614880084991455, 2.6134400367736816, 2.6501119136810303, 2.6163840293884277, 2.624511957168579, 2.580928087234497, 2.5905280113220215, 2.6066880226135254, 2.590656042098999, 2.5853118896484375, 2.601696014404297, 2.6184959411621094, 2.580512046813965, 2.6110079288482666, 2.6002559661865234, 2.579807996749878, 2.5840959548950195, 2.5879039764404297, 2.598464012145996, 2.5649919509887695, 2.596895933151245, 2.5848639011383057, 2.5795199871063232, 2.5843520164489746, 2.584671974182129, 2.594111919403076, 2.6015679836273193, 2.610368013381958, 2.593696117401123, 2.601855993270874, 2.6316161155700684, 2.625375986099243, 2.621056079864502, 2.6048319339752197, 2.6048319339752197, 2.596384048461914, 2.616447925567627, 2.5913920402526855, 2.609951972961426, 2.6016321182250977, 2.5926079750061035, 2.5903680324554443, 2.5808000564575195, 2.5804479122161865, 2.583616018295288, 2.596832036972046, 2.600735902786255, 2.5980799198150635, 2.6219520568847656, 2.5977280139923096, 2.5952959060668945, 2.595679998397827, 2.602976083755493, 2.6021759510040283, 2.6084160804748535, 2.5786240100860596, 2.5894079208374023, 2.608351945877075, 2.6004478931427, 2.5748159885406494, 2.5927040576934814, 2.617151975631714, 2.599168062210083, 2.6067841053009033, 2.6057920455932617, 2.5928640365600586, 2.5968639850616455, 2.609407901763916, 2.579551935195923, 2.638144016265869, 2.5984959602355957, 2.576319932937622, 2.6004478931427, 2.6068480014801025, 2.5971519947052, 2.5854079723358154, 2.582592010498047, 2.600480079650879, 2.5899839401245117, 2.5884480476379395, 2.599776029586792]",cuda_events,adamw,65536,32,fp32,torch.bfloat16,nearest,100,,7,0,20,100,passed,outside_timing,NVIDIA H200,2.11.0+cu128,3.6.0,3.13.5
compiled_fp32,2097152,2.640608072280884,794192830.8158728,22.237399262844438,2.6248480081558228,2.6594271898269652,"[2.652575969696045, 2.662400007247925, 2.647520065307617, 2.6220479011535645, 2.648063898086548, 2.658463954925537, 2.707200050354004, 2.6470720767974854, 2.64847993850708, 2.659008026123047, 2.6345601081848145, 2.6512959003448486, 2.6220479011535645, 2.651456117630005, 2.65283203125, 2.651711940765381, 2.6383039951324463, 2.6390719413757324, 2.6354880332946777, 2.6366400718688965, 2.631135940551758, 2.671999931335449, 2.638240098953247, 2.6318399906158447, 2.6949119567871094, 2.6446399688720703, 2.6464641094207764, 2.6603200435638428, 2.6506240367889404, 2.6356799602508545, 2.6331839561462402, 2.643615961074829, 2.6546239852905273, 2.6453440189361572, 2.6552960872650146, 2.6575679779052734, 2.663072109222412, 2.644223928451538, 2.6488640308380127, 2.6521921157836914, 2.642591953277588, 2.6378560066223145, 2.64518404006958, 2.6452159881591797, 2.6376640796661377, 2.6385600566864014, 2.6317760944366455, 2.628511905670166, 2.6423680782318115, 2.6320641040802, 2.6263999938964844, 2.631455898284912, 2.6480319499969482, 2.638144016265869, 2.640928030014038, 2.6467199325561523, 2.6343679428100586, 2.635711908340454, 2.659327983856201, 2.6277759075164795, 2.6249279975891113, 2.6522560119628906, 2.6230080127716064, 2.6196160316467285, 2.653183937072754, 2.638400077819824, 2.6443839073181152, 2.622528076171875, 2.6241281032562256, 2.618079900741577, 2.6395840644836426, 2.6286399364471436, 2.6250240802764893, 2.6381120681762695, 2.613823890686035, 2.60479998588562, 2.6485440731048584, 2.6759040355682373, 2.632512092590332, 2.636863946914673, 2.6224958896636963, 2.6309120655059814, 2.628511905670166, 2.6501119136810303, 2.6300160884857178, 2.6653759479522705, 2.631392002105713, 2.6422719955444336, 2.6447041034698486, 2.6712639331817627, 2.643807888031006, 2.664896011352539, 2.650399923324585, 2.635744094848633, 2.6585280895233154, 2.6264960765838623, 2.6402881145477295, 2.638848066329956, 2.6351680755615234, 2.630784034729004]",cuda_events,adamw,65536,32,fp32,torch.float32,nearest,100,,7,0,20,100,passed,outside_timing,NVIDIA H200,2.11.0+cu128,3.6.0,3.13.5
triton_bf16_nr,2097152,1.2323839664459229,1701703411.5170982,34.03406823034196,1.2213312029838561,1.2460256099700928,"[1.223647952079773, 1.2366080284118652, 1.2325439453125, 1.2342400550842285, 1.2250880002975464, 1.2459520101547241, 1.2178239822387695, 1.2396479845046997, 1.2186239957809448, 1.2336000204086304, 1.2407679557800293, 1.229024052619934, 1.2362560033798218, 1.227776050567627, 1.2388800382614136, 1.2250880002975464, 1.2112640142440796, 1.2298879623413086, 1.2214080095291138, 1.225343942642212, 1.2257599830627441, 1.2258880138397217, 1.233407974243164, 1.2287039756774902, 1.2484159469604492, 1.224287986755371, 1.233024001121521, 1.236191987991333, 1.2521599531173706, 1.238976001739502, 1.2322239875793457, 1.230239987373352, 1.2315200567245483, 1.2491519451141357, 1.2201600074768066, 1.2186239957809448, 1.2182400226593018, 1.2215360403060913, 1.2332799434661865, 1.2373759746551514, 1.229375958442688, 1.2254719734191895, 1.2339520454406738, 1.2246079444885254, 1.2241599559783936, 1.2334400415420532, 1.223904013633728, 1.241760015487671, 1.229472041130066, 1.2709120512008667, 1.2352639436721802, 1.2490880489349365, 1.2231359481811523, 1.2263679504394531, 1.2241920232772827, 1.2189439535140991, 1.2359999418258667, 1.243615984916687, 1.220639944076538, 1.2304320335388184, 1.2362560033798218, 1.259775996208191, 1.235967993736267, 1.2420159578323364, 1.2248640060424805, 1.233888030052185, 1.2375999689102173, 1.2245440483093262, 1.2328319549560547, 1.2234560251235962, 1.221727967262268, 1.24508798122406, 1.2412159442901611, 1.2257599830627441, 1.2238080501556396, 1.2010560035705566, 1.228767991065979, 1.236448049545288, 1.2256959676742554, 1.2284159660339355, 1.2400319576263428, 1.2348159551620483, 1.2265599966049194, 1.228063941001892, 1.230847954750061, 1.2365119457244873, 1.2371519804000854, 1.2466880083084106, 1.2164479494094849, 1.231935977935791, 1.2369600534439087, 1.2313599586486816, 1.2449599504470825, 1.2401920557022095, 1.2391040325164795, 1.2342400550842285, 1.2688000202178955, 1.2494399547576904, 1.2488640546798706, 1.2354559898376465]",cuda_events,adamw,65536,32,fp32,torch.bfloat16,nearest,100,256,7,0,20,100,passed,outside_timing,NVIDIA H200,2.11.0+cu128,3.6.0,3.13.5
